product_id,product_category_name,date,year,month,qty,unit_price,avg_competitor_price,price_gap_pct,revenue,log_qty,log_price,product_score,customers,weekend,holiday
bed1,bed_bath_table,2017-05-01,2017,5,1,45.95,116.94999999999999,-60.70970500213766,45.95,0.0,3.827553848801696,4.0,57,8,1
bed1,bed_bath_table,2017-06-01,2017,6,3,45.95,114.94999999999999,-60.026098303610254,137.85000000000002,1.0986122886681098,3.827553848801696,4.0,61,8,1
bed1,bed_bath_table,2017-07-01,2017,7,6,45.95,113.61666666666666,-59.55698987824556,275.70000000000005,1.791759469228055,3.827553848801696,4.0,123,10,1
bed1,bed_bath_table,2017-08-01,2017,8,4,45.95,111.78660130000002,-58.89489485713526,183.8,1.3862943611198906,3.827553848801696,4.0,90,8,1
bed1,bed_bath_table,2017-09-01,2017,9,2,45.95,99.7495699,-53.934638469052686,91.9,0.6931471805599453,3.827553848801696,4.0,54,9,1
bed1,bed_bath_table,2017-10-01,2017,10,3,45.95,60.6,-24.174917491749174,137.85000000000002,1.0986122886681098,3.827553848801696,4.0,50,9,2
bed1,bed_bath_table,2017-11-01,2017,11,11,40.53181818,56.98787878666667,-28.876422420054798,445.84999998,2.3978952727983707,3.7020872997376597,4.0,97,8,4
bed1,bed_bath_table,2017-12-01,2017,12,6,39.99,56.15607843000001,-28.787762397175648,239.94,1.791759469228055,3.688629422858727,4.0,41,10,1
bed1,bed_bath_table,2018-01-01,2018,1,19,39.99,55.62666666666667,-28.11001917545542,759.8100000000001,2.9444389791664403,3.688629422858727,4.0,62,8,2
bed1,bed_bath_table,2018-02-01,2018,2,18,39.99,55.62666666666667,-28.11001917545542,719.82,2.8903717578961645,3.688629422858727,4.0,62,8,2
bed1,bed_bath_table,2018-03-01,2018,3,17,39.99,55.62666666666667,-28.11001917545542,679.83,2.833213344056216,3.688629422858727,4.0,43,9,1
bed1,bed_bath_table,2018-04-01,2018,4,13,39.99,55.00833333333333,-27.301923950916525,519.87,2.5649493574615367,3.688629422858727,4.0,34,9,1
bed1,bed_bath_table,2018-05-01,2018,5,19,39.99,54.54320512666667,-26.681976412771302,759.8100000000001,2.9444389791664403,3.688629422858727,4.0,57,8,3
bed1,bed_bath_table,2018-06-01,2018,6,5,39.99,53.293333333333344,-24.962471853890428,199.95000000000002,1.6094379124341003,3.688629422858727,4.0,43,9,0
bed1,bed_bath_table,2018-07-01,2018,7,8,39.99,52.63777777666667,-24.02794781787537,319.92,2.0794415416798357,3.688629422858727,4.0,26,9,1
bed1,bed_bath_table,2018-08-01,2018,8,8,39.24,50.826666666666675,-22.79643231899266,313.92,2.0794415416798357,3.6696966346971625,4.0,15,8,1
bed2,bed_bath_table,2017-02-01,2017,2,2,89.9,89.90000000000002,-1.580740235283871e-14,179.8,0.6931471805599453,4.498697941477575,3.9,2,8,2
bed2,bed_bath_table,2017-03-01,2017,3,22,89.9,89.90000000000002,-1.580740235283871e-14,1977.8000000000002,3.091042453358316,4.498697941477575,3.9,20,8,1
bed2,bed_bath_table,2017-04-01,2017,4,34,89.9,89.90000000000002,-1.580740235283871e-14,3056.6000000000004,3.5263605246161616,4.498697941477575,3.9,31,10,2
bed2,bed_bath_table,2017-05-01,2017,5,58,89.9,116.94999999999999,-23.1295425395468,5214.200000000001,4.060443010546419,4.498697941477575,3.9,57,8,1
bed2,bed_bath_table,2017-06-01,2017,6,51,89.9,114.94999999999999,-21.79208351457154,4584.900000000001,3.9318256327243257,4.498697941477575,3.9,61,8,1
bed2,bed_bath_table,2017-07-01,2017,7,60,89.9,113.61666666666666,-20.87428487604517,5394.0,4.0943445622221,4.498697941477575,3.9,123,10,1
bed2,bed_bath_table,2017-08-01,2017,8,37,89.9,111.78660130000002,-19.578912897855503,3326.3,3.6109179126442243,4.498697941477575,3.9,90,8,1
bed2,bed_bath_table,2017-09-01,2017,9,23,89.9,99.7495699,-9.87429811464279,2067.7000000000003,3.1354942159291497,4.498697941477575,3.9,54,9,1
bed2,bed_bath_table,2017-10-01,2017,10,14,89.9,75.25,19.468438538205987,1258.6000000000001,2.6390573296152584,4.498697941477575,3.9,50,9,2
bed2,bed_bath_table,2017-11-01,2017,11,40,89.9,73.44393939333334,22.406288037649052,3596.0,3.6888794541139363,4.498697941477575,3.9,97,8,4
bed2,bed_bath_table,2017-12-01,2017,12,18,88.48823529,72.32215686,22.35287100368704,1592.7882352200002,2.8903717578961645,4.482869608601029,3.9,41,10,1
bed2,bed_bath_table,2018-01-01,2018,1,17,86.9,71.26333333333334,21.942092707797375,1477.3000000000002,2.833213344056216,4.464758032271346,3.9,62,8,2
bed2,bed_bath_table,2018-02-01,2018,2,22,86.9,71.26333333333334,21.942092707797375,1911.8000000000002,3.091042453358316,4.464758032271346,3.9,62,8,2
bed2,bed_bath_table,2018-03-01,2018,3,17,86.9,71.26333333333334,21.942092707797375,1477.3000000000002,2.833213344056216,4.464758032271346,3.9,43,9,1
bed2,bed_bath_table,2018-04-01,2018,4,6,85.045,70.02666666666667,21.446591774562066,510.27,1.791759469228055,4.443180528166055,3.9,34,9,1
bed2,bed_bath_table,2018-05-01,2018,5,26,83.64961538,69.09641025333333,21.062172511291347,2174.88999988,3.258096538021482,4.42663682945454,3.9,57,8,3
bed2,bed_bath_table,2018-06-01,2018,6,23,79.9,66.59666666666668,19.975974773512174,1837.7,3.1354942159291497,4.380775852772229,3.9,43,9,0
bed2,bed_bath_table,2018-07-01,2018,7,10,77.93333333,65.28555555333334,19.373010874257453,779.3333332999999,2.302585092994046,4.355853760327086,3.9,26,9,1
bed2,bed_bath_table,2018-08-01,2018,8,7,74.0,62.413333333333334,18.56440931424909,518.0,1.9459101490553132,4.30406509320417,3.9,15,8,1
bed3,bed_bath_table,2017-10-01,2017,10,8,99.0,78.28333333333335,26.463700234192018,792.0,2.0794415416798357,4.59511985013459,3.3,50,9,2
bed3,bed_bath_table,2017-11-01,2017,11,22,99.0,76.47727272666667,29.450222883641008,2178.0,3.091042453358316,4.59511985013459,3.3,97,8,4
bed3,bed_bath_table,2017-12-01,2017,12,7,99.0,75.82607843000001,30.56194128698525,693.0,1.9459101490553132,4.59511985013459,3.3,41,10,1
bed3,bed_bath_table,2018-01-01,2018,1,11,98.3,75.06333333333333,30.95608153115147,1081.3,2.3978952727983707,4.5880240271531205,3.3,62,8,2
bed3,bed_bath_table,2018-02-01,2018,2,13,92.0,72.96333333333334,26.090730503906062,1196.0,2.5649493574615367,4.5217885770490405,3.3,62,8,2
bed3,bed_bath_table,2018-03-01,2018,3,3,92.0,72.96333333333334,26.090730503906062,276.0,1.0986122886681098,4.5217885770490405,3.3,43,9,1
bed3,bed_bath_table,2018-04-01,2018,4,9,90.875,71.97000000000001,26.267889398360406,817.875,2.1972245773362196,4.509484935853683,3.3,34,9,1
bed3,bed_bath_table,2018-05-01,2018,5,14,88.24,70.62653846,24.93887131389787,1235.36,2.6390573296152584,4.480060374945247,3.3,57,8,3
bed3,bed_bath_table,2018-06-01,2018,6,14,84.9,68.26333333333334,24.371307192734022,1188.6000000000001,2.6390573296152584,4.441474093317302,3.3,43,9,0
bed3,bed_bath_table,2018-07-01,2018,7,9,84.9,67.60777777666668,25.577267574828277,764.1,2.1972245773362196,4.441474093317302,3.3,26,9,1
bed3,bed_bath_table,2018-08-01,2018,8,1,84.9,66.04666666666667,28.54547289795095,84.9,0.0,4.441474093317302,3.3,15,8,1
bed4,bed_bath_table,2017-10-01,2017,10,29,45.9,60.583333333333336,-24.236588720770293,1331.1,3.367295829986474,3.8264651170664994,4.2,50,9,2
bed4,bed_bath_table,2017-11-01,2017,11,32,44.15444444,58.19542087333334,-24.12728737522935,1412.94222208,3.4657359027997265,3.787693588801072,4.2,97,8,4
bed4,bed_bath_table,2017-12-01,2017,12,12,45.9,58.12607843000001,-21.033723175946943,550.8,2.4849066497880004,3.8264651170664994,4.2,41,10,1
bed4,bed_bath_table,2018-01-01,2018,1,19,45.9,57.59666666666667,-20.307888187973848,872.1,2.9444389791664403,3.8264651170664994,4.2,62,8,2
bed4,bed_bath_table,2018-02-01,2018,2,16,45.9,57.59666666666667,-20.307888187973848,734.4,2.772588722239781,3.8264651170664994,4.2,62,8,2
bed4,bed_bath_table,2018-03-01,2018,3,8,47.9,58.26333333333334,-17.787058756221768,383.2,2.0794415416798357,3.8691155044168695,4.2,43,9,1
bed4,bed_bath_table,2018-04-01,2018,4,7,47.9,57.645,-16.90519559372019,335.3,1.9459101490553132,3.8691155044168695,4.2,34,9,1
bed4,bed_bath_table,2018-05-01,2018,5,2,47.9,57.17987179333334,-16.229263029609122,95.8,0.6931471805599453,3.8691155044168695,4.2,57,8,3
bed4,bed_bath_table,2018-06-01,2018,6,4,47.9,55.93000000000001,-14.357232254603982,191.6,1.3862943611198906,3.8691155044168695,4.2,43,9,0
bed4,bed_bath_table,2018-07-01,2018,7,2,47.9,55.27444444333333,-13.341508028893026,95.8,0.6931471805599453,3.8691155044168695,4.2,26,9,1
bed5,bed_bath_table,2017-05-01,2017,5,1,215.0,116.94999999999999,83.8392475416845,215.0,0.0,5.3706380281276624,4.4,57,8,1
bed5,bed_bath_table,2017-06-01,2017,6,10,209.0,114.94999999999999,81.81818181818184,2090.0,2.302585092994046,5.342334251964811,4.4,61,8,1
bed5,bed_bath_table,2017-07-01,2017,7,59,205.0,113.61666666666666,80.43127475429075,12095.0,4.07753744390572,5.3230099791384085,4.4,123,10,1
bed5,bed_bath_table,2017-08-01,2017,8,52,199.5098039,111.78660130000002,78.47380775499074,10374.509802800001,3.9512437185814275,5.295863377478362,4.4,90,8,1
bed5,bed_bath_table,2017-09-01,2017,9,32,163.3987097,99.7495699,63.8089365836955,5228.7587104,3.4657359027997265,5.096193285821897,4.4,54,9,1
computers1,computers_accessories,2017-05-01,2017,5,4,94.9,94.90000000000002,-1.4974557128769232e-14,379.6,1.3862943611198906,4.552823705615882,4.0,11,8,1
computers1,computers_accessories,2017-06-01,2017,6,6,100.9,120.59666666666665,-16.332679178528963,605.4000000000001,1.791759469228055,4.6141299273595635,4.0,15,8,1
computers1,computers_accessories,2017-07-01,2017,7,10,109.9,119.93,-8.36321187359293,1099.0,2.302585092994046,4.699570861409576,4.0,17,10,1
computers1,computers_accessories,2017-08-01,2017,8,2,109.9,121.8347619,-9.7958593375804,219.8,0.6931471805599453,4.699570861409576,4.0,15,8,1
computers1,computers_accessories,2017-09-01,2017,9,4,98.9,116.59666666666668,-15.177678035392667,395.6,1.3862943611198906,4.594109238628667,4.0,15,9,1
computers1,computers_accessories,2017-10-01,2017,10,4,98.9,117.49862746666668,-15.828804018960083,395.6,1.3862943611198906,4.594109238628667,4.0,31,9,2
computers1,computers_accessories,2017-11-01,2017,11,6,98.9,119.59666666666668,-17.305387552607378,593.4000000000001,1.791759469228055,4.594109238628667,4.0,36,8,4
computers1,computers_accessories,2017-12-01,2017,12,1,98.9,119.59666666666668,-17.305387552607378,98.9,0.0,4.594109238628667,4.0,35,10,1
computers1,computers_accessories,2018-01-01,2018,1,31,90.534,134.8361323,-32.85627638846179,2806.554,3.4339872044851463,4.505725470759569,4.0,152,8,2
computers1,computers_accessories,2018-02-01,2018,2,30,84.75608696,125.87076023333333,-32.66419714723012,2542.6826088000003,3.4011973816621555,4.439777566218318,4.0,202,8,2
computers1,computers_accessories,2018-03-01,2018,3,13,87.5,122.35559004666668,-28.487125135331116,1137.5,2.5649493574615367,4.471638793363569,4.0,127,9,1
computers1,computers_accessories,2018-04-01,2018,4,5,94.0,117.16324785666666,-19.77006295097226,470.0,1.6094379124341003,4.543294782270004,4.0,107,9,1
computers1,computers_accessories,2018-06-01,2018,6,4,73.0,114.43038459999998,-36.20575491799928,292.0,1.3862943611198906,4.290459441148391,4.0,66,9,0
computers1,computers_accessories,2018-07-01,2018,7,18,66.34214286,115.92999999999999,-42.77396458207539,1194.1585714799999,2.8903717578961645,4.194825334172996,4.0,43,9,1
computers1,computers_accessories,2018-08-01,2018,8,1,79.9,115.92999999999999,-31.07909945656861,79.9,0.0,4.380775852772229,4.0,18,8,1
computers2,computers_accessories,2017-11-01,2017,11,1,109.9,123.26333333333332,-10.84128829876415,109.9,0.0,4.699570861409576,3.5,36,8,4
computers2,computers_accessories,2017-12-01,2017,12,12,109.9,123.26333333333332,-10.84128829876415,1318.8000000000002,2.4849066497880004,4.699570861409576,3.5,35,10,1
computers2,computers_accessories,2018-01-01,2018,1,29,97.6425,134.8361323,-27.584321550581887,2831.6325,3.367295829986474,4.581312849457524,3.5,152,8,2
computers2,computers_accessories,2018-02-01,2018,2,71,78.7122807,125.87076023333333,-37.4657938395805,5588.5719297,4.2626798770413155,4.3657991877223665,3.5,202,8,2
computers2,computers_accessories,2018-03-01,2018,3,27,81.02391304,122.35559004666668,-33.77996623685333,2187.6456520799998,3.295836866004329,4.394744333818837,3.5,127,9,1
computers2,computers_accessories,2018-04-01,2018,4,13,80.66666667,117.16324785666666,-31.15019586288294,1048.66666671,2.5649493574615367,4.390325437529899,3.5,107,9,1
computers2,computers_accessories,2018-05-01,2018,5,11,79.8,116.23333333333333,-31.344995698308004,877.8,2.3978952727983707,4.379523504455763,3.5,78,8,3
computers2,computers_accessories,2018-06-01,2018,6,10,78.9,114.43038459999998,-31.049781685344417,789.0,2.302585092994046,4.368181227851829,3.5,66,9,0
computers2,computers_accessories,2018-07-01,2018,7,7,77.9,115.92999999999999,-32.80427844388855,545.3000000000001,1.9459101490553132,4.355425952876702,3.5,43,9,1
computers2,computers_accessories,2018-08-01,2018,8,2,77.9,115.92999999999999,-32.80427844388855,155.8,0.6931471805599453,4.355425952876702,3.5,18,8,1
computers3,computers_accessories,2017-05-01,2017,5,15,178.0571429,178.0571429,0.0,2670.8571435,2.70805020110221,5.182104526301864,4.2,11,8,1
computers3,computers_accessories,2017-06-01,2017,6,15,149.8525,153.23166666666665,-2.205266535420222,2247.7875,2.70805020110221,5.009651476973524,4.2,15,8,1
computers3,computers_accessories,2017-07-01,2017,7,4,146.6,144.39666666666668,1.5258893326253968,586.4,1.3862943611198906,4.987707789452551,4.2,17,10,1
computers3,computers_accessories,2017-08-01,2017,8,13,144.96,145.20809523333335,-0.17085496021050564,1884.48,2.5649493574615367,4.9764578422946695,4.2,15,8,1
computers3,computers_accessories,2017-09-01,2017,9,12,138.59,143.0566666666667,-3.1223058461682056,1663.08,2.4849066497880004,4.931519934080711,4.2,15,9,1
computers3,computers_accessories,2017-10-01,2017,10,16,137.9,143.49862746666668,-3.9015198720051707,2206.4,2.772588722239781,4.926528784799256,4.2,31,9,2
computers3,computers_accessories,2017-11-01,2017,11,18,137.9,132.59666666666666,3.9995977777219203,2482.2000000000003,2.8903717578961645,4.926528784799256,4.2,36,8,4
computers3,computers_accessories,2017-12-01,2017,12,2,134.9,131.59666666666666,2.5101952937004546,269.8,0.6931471805599453,4.90453376321371,4.2,35,10,1
computers3,computers_accessories,2018-01-01,2018,1,5,133.0,134.8361323,-1.3617509407009316,665.0,1.6094379124341003,4.890349128221754,4.2,152,8,2
computers3,computers_accessories,2018-02-01,2018,2,3,132.97,125.87076023333333,5.640102398290462,398.90999999999997,1.0986122886681098,4.890123538868615,4.2,202,8,2
computers4,computers_accessories,2017-02-01,2017,2,3,159.99,159.99,0.0,479.97,1.0986122886681098,5.075111313280621,4.2,3,8,2
computers4,computers_accessories,2017-03-01,2017,3,3,159.99,159.99,0.0,479.97,1.0986122886681098,5.075111313280621,4.2,3,8,1
computers4,computers_accessories,2017-04-01,2017,4,5,139.99,139.99,0.0,699.95,1.6094379124341003,4.941570991486734,4.2,5,10,2
computers4,computers_accessories,2017-06-01,2017,6,3,159.99,159.99,0.0,479.97,1.0986122886681098,5.075111313280621,4.2,15,8,1
computers4,computers_accessories,2017-07-01,2017,7,6,139.99,139.99,0.0,839.94,1.791759469228055,4.941570991486734,4.2,17,10,1
computers4,computers_accessories,2017-08-01,2017,8,7,145.7042857,145.7042857,0.0,1019.9299999000001,1.9459101490553132,4.981579127319006,4.2,15,8,1
computers4,computers_accessories,2017-09-01,2017,9,11,151.99,151.99,0.0,1671.89,2.3978952727983707,5.02381472920837,4.2,15,9,1
computers4,computers_accessories,2017-10-01,2017,10,17,154.6958824,154.6958824,0.0,2629.8300007999997,2.833213344056216,5.04146114054735,4.2,31,9,2
computers4,computers_accessories,2017-11-01,2017,11,18,149.99,136.62666666666667,9.780911486288678,2699.82,2.8903717578961645,5.010568625207268,4.2,36,8,4
computers4,computers_accessories,2017-12-01,2017,12,23,149.99,136.62666666666667,9.780911486288678,3449.7700000000004,3.1354942159291497,5.010568625207268,4.2,35,10,1
computers4,computers_accessories,2018-01-01,2018,1,43,156.5113514,134.8361323,16.07523052632087,6729.9881102,3.7612001156935624,5.053128540257172,4.2,152,8,2
computers4,computers_accessories,2018-02-01,2018,2,31,149.0,125.87076023333333,18.37538736064736,4619.0,3.4339872044851463,5.003946305945459,4.2,202,8,2
computers4,computers_accessories,2018-03-01,2018,3,44,136.1428571,122.35559004666668,11.268195468694824,5990.285712399999,3.784189633918261,4.913704754284093,4.2,127,9,1
computers4,computers_accessories,2018-04-01,2018,4,56,120.9230769,117.16324785666666,3.2090515687419154,6771.6923064,4.02535169073515,4.7951546153367754,4.2,107,9,1
computers4,computers_accessories,2018-05-01,2018,5,25,119.0,116.23333333333333,2.380269572698594,2975.0,3.2188758248682006,4.77912349311153,4.2,78,8,3
computers4,computers_accessories,2018-06-01,2018,6,27,114.4911538,114.43038459999998,0.053105825181351506,3091.2611526,3.295836866004329,4.740497560620987,4.2,66,9,0
computers4,computers_accessories,2018-07-01,2018,7,9,119.99,115.92999999999999,3.5021133442594694,1079.9099999999999,2.1972245773362196,4.787408405976297,4.2,43,9,1
computers4,computers_accessories,2018-08-01,2018,8,10,119.99,115.92999999999999,3.5021133442594694,1199.8999999999999,2.302585092994046,4.787408405976297,4.2,18,8,1
computers5,computers_accessories,2017-10-01,2017,10,1,167.0,162.89862746666665,2.5177452978679,167.0,0.0,5.117993812416755,3.5,31,9,2
computers5,computers_accessories,2017-12-01,2017,12,2,119.9,126.59666666666665,-5.289765396666562,239.8,0.6931471805599453,4.786658062033468,3.5,35,10,1
computers5,computers_accessories,2018-01-01,2018,1,57,93.09489362,134.8361323,-30.957012759108938,5306.40893634,4.04305126783455,4.533619334443673,3.5,152,8,2
computers5,computers_accessories,2018-02-01,2018,2,45,77.155,125.87076023333333,-38.70299992073324,3471.975,3.8066624897703196,4.345816385523168,3.5,202,8,2
computers5,computers_accessories,2018-03-01,2018,3,6,88.0,122.35559004666668,-28.07848013610443,528.0,1.791759469228055,4.477336814478207,3.5,127,9,1
computers5,computers_accessories,2018-04-01,2018,4,10,88.0,117.16324785666666,-24.89112276261233,880.0,2.302585092994046,4.477336814478207,3.5,107,9,1
computers5,computers_accessories,2018-06-01,2018,6,3,89.9,114.43038459999998,-21.436950234631983,269.70000000000005,1.0986122886681098,4.498697941477575,3.5,66,9,0
computers5,computers_accessories,2018-07-01,2018,7,3,78.9,115.92999999999999,-31.941688950228574,236.70000000000002,1.0986122886681098,4.368181227851829,3.5,43,9,1
computers6,computers_accessories,2018-01-01,2018,1,22,150.3545455,134.8361323,11.509091024261007,3307.800001,3.091042453358316,5.012996141767693,4.3,152,8,2
computers6,computers_accessories,2018-02-01,2018,2,69,149.9,125.87076023333333,19.09040647893315,10343.1,4.23410650459726,5.009968405108552,4.3,202,8,2
computers6,computers_accessories,2018-03-01,2018,3,51,149.9,122.35559004666668,22.511770768158474,7644.900000000001,3.9318256327243257,5.009968405108552,4.3,127,9,1
computers6,computers_accessories,2018-04-01,2018,4,35,149.9,117.16324785666666,27.941144294141047,5246.5,3.5553480614894135,5.009968405108552,4.3,107,9,1
computers6,computers_accessories,2018-05-01,2018,5,52,149.9,116.23333333333333,28.96472612560941,7794.8,3.9512437185814275,5.009968405108552,4.3,78,8,3
computers6,computers_accessories,2018-06-01,2018,6,27,149.9,114.43038459999998,30.99667586016313,4047.3,3.295836866004329,5.009968405108552,4.3,66,9,0
computers6,computers_accessories,2018-07-01,2018,7,13,149.9,115.92999999999999,29.3021650996291,1948.7,2.5649493574615367,5.009968405108552,4.3,43,9,1
computers6,computers_accessories,2018-08-01,2018,8,5,149.9,115.92999999999999,29.3021650996291,749.5,1.6094379124341003,5.009968405108552,4.3,18,8,1
consoles1,consoles_games,2017-07-01,2017,7,13,19.9,19.9,0.0,258.7,2.5649493574615367,2.990719731730447,4.2,13,10,1
consoles1,consoles_games,2017-08-01,2017,8,24,19.9,19.9,0.0,477.59999999999997,3.1780538303479458,2.990719731730447,4.2,33,8,1
consoles1,consoles_games,2017-09-01,2017,9,9,19.9,19.9,0.0,179.1,2.1972245773362196,2.990719731730447,4.2,17,9,1
consoles1,consoles_games,2017-10-01,2017,10,28,21.54285714,21.250793650000002,1.3743650934185074,603.19999992,3.332204510175204,3.0700443063859164,4.2,38,9,2
consoles1,consoles_games,2017-11-01,2017,11,28,24.5,24.5,0.0,686.0,3.332204510175204,3.1986731175506815,4.2,49,8,4
consoles1,consoles_games,2017-12-01,2017,12,16,24.5,24.5,0.0,392.0,2.772588722239781,3.1986731175506815,4.2,30,10,1
consoles1,consoles_games,2018-02-01,2018,2,5,32.5,32.5,0.0,162.5,1.6094379124341003,3.481240089335692,4.2,6,8,2
consoles1,consoles_games,2018-03-01,2018,3,6,32.5,32.58095238,-0.24846535808969306,195.0,1.791759469228055,3.481240089335692,4.2,13,9,1
consoles1,consoles_games,2018-04-01,2018,4,7,35.05714286,34.77142857333333,0.8216926896290533,245.40000002,1.9459101490553132,3.5569793833029975,4.2,13,9,1
consoles1,consoles_games,2018-05-01,2018,5,3,36.2,36.2,0.0,108.60000000000001,1.0986122886681098,3.5890591188317256,4.2,3,8,3
consoles1,consoles_games,2018-06-01,2018,6,2,36.2,36.2,0.0,72.4,0.6931471805599453,3.5890591188317256,4.2,2,9,0
consoles1,consoles_games,2018-07-01,2018,7,1,36.2,36.2,0.0,36.2,0.0,3.5890591188317256,4.2,1,9,1
consoles2,consoles_games,2017-07-01,2017,7,1,19.9,19.9,0.0,19.9,0.0,2.990719731730447,3.9,13,10,1
consoles2,consoles_games,2017-08-01,2017,8,11,19.9,19.9,0.0,218.89999999999998,2.3978952727983707,2.990719731730447,3.9,33,8,1
consoles2,consoles_games,2017-09-01,2017,9,9,19.9,19.9,0.0,179.1,2.1972245773362196,2.990719731730447,3.9,17,9,1
consoles2,consoles_games,2017-10-01,2017,10,12,20.66666667,20.95873016,-1.393517106095517,248.00000004000003,2.4849066497880004,3.028522096538272,3.9,38,9,2
consoles2,consoles_games,2017-11-01,2017,11,23,24.5,24.5,0.0,563.5,3.1354942159291497,3.1986731175506815,3.9,49,8,4
consoles2,consoles_games,2017-12-01,2017,12,17,24.5,24.5,0.0,416.5,2.833213344056216,3.1986731175506815,3.9,30,10,1
consoles2,consoles_games,2018-01-01,2018,1,10,27.03333333,27.03333333,0.0,270.3333333,2.302585092994046,3.297070672329953,3.9,9,8,2
consoles2,consoles_games,2018-02-01,2018,2,1,32.5,32.5,0.0,32.5,0.0,3.481240089335692,3.9,6,8,2
consoles2,consoles_games,2018-03-01,2018,3,7,32.74285714,32.66190476,0.24784953784795552,229.19999997999997,1.9459101490553132,3.488684835698011,3.9,13,9,1
consoles2,consoles_games,2018-04-01,2018,4,6,34.2,34.48571428666667,-0.8285004169889978,205.20000000000002,1.791759469228055,3.5322256440685598,3.9,13,9,1
cool1,cool_stuff,2017-02-01,2017,2,7,85.70428571,85.70428570999998,1.6581264982812734e-14,599.9299999699999,1.9459101490553132,4.450902832638076,4.2,7,8,2
cool1,cool_stuff,2017-03-01,2017,3,14,99.99,109.99000000000001,-9.091735612328405,1399.86,2.6390573296152584,4.605070180987758,4.2,22,8,1
cool1,cool_stuff,2017-04-01,2017,4,17,99.99,109.99000000000001,-9.091735612328405,1699.83,2.833213344056216,4.605070180987758,4.2,33,10,2
cool1,cool_stuff,2017-05-01,2017,5,22,99.99,109.99000000000001,-9.091735612328405,2199.7799999999997,3.091042453358316,4.605070180987758,4.2,58,8,1
cool1,cool_stuff,2017-06-01,2017,6,14,99.99,109.99000000000001,-9.091735612328405,1399.86,2.6390573296152584,4.605070180987758,4.2,42,8,1
cool1,cool_stuff,2017-07-01,2017,7,11,99.99,109.99000000000001,-9.091735612328405,1099.8899999999999,2.3978952727983707,4.605070180987758,4.2,42,10,1
cool1,cool_stuff,2017-08-01,2017,8,14,99.99,105.63583333333332,-5.34461948675875,1399.86,2.6390573296152584,4.605070180987758,4.2,39,8,1
cool1,cool_stuff,2017-09-01,2017,9,3,99.99,76.49333333333333,30.71727383649992,299.96999999999997,1.0986122886681098,4.605070180987758,4.2,10,9,1
cool1,cool_stuff,2017-10-01,2017,10,2,99.99,106.65666666666665,-6.250585992436783,199.98,0.6931471805599453,4.605070180987758,4.2,33,9,2
cool1,cool_stuff,2017-11-01,2017,11,4,99.99,109.99000000000001,-9.091735612328405,399.96,1.3862943611198906,4.605070180987758,4.2,42,8,4
cool1,cool_stuff,2017-12-01,2017,12,3,99.99,109.99000000000001,-9.091735612328405,299.96999999999997,1.0986122886681098,4.605070180987758,4.2,38,10,1
cool1,cool_stuff,2018-01-01,2018,1,3,99.99,86.49333333333334,15.60428549406504,299.96999999999997,1.0986122886681098,4.605070180987758,4.2,102,8,2
cool1,cool_stuff,2018-02-01,2018,2,1,99.99,109.99000000000001,-9.091735612328405,99.99,0.0,4.605070180987758,4.2,20,8,2
cool1,cool_stuff,2018-03-01,2018,3,2,99.99,88.32666666666667,13.204770171333676,199.98,0.6931471805599453,4.605070180987758,4.2,45,9,1
cool1,cool_stuff,2018-04-01,2018,4,3,89.86333333,84.95111111,5.78241079582744,269.58999999,1.0986122886681098,4.498289997656894,4.2,18,9,1
cool2,cool_stuff,2017-03-01,2017,3,8,129.99,119.99000000000001,8.33402783565297,1039.92,2.0794415416798357,4.867457524419928,4.3,22,8,1
cool2,cool_stuff,2017-04-01,2017,4,14,129.99,119.99000000000001,8.33402783565297,1819.8600000000001,2.6390573296152584,4.867457524419928,4.3,33,10,2
cool2,cool_stuff,2017-05-01,2017,5,18,129.99,119.99000000000001,8.33402783565297,2339.82,2.8903717578961645,4.867457524419928,4.3,58,8,1
cool2,cool_stuff,2017-06-01,2017,6,17,129.99,119.99000000000001,8.33402783565297,2209.83,2.833213344056216,4.867457524419928,4.3,42,8,1
cool2,cool_stuff,2017-07-01,2017,7,16,129.99,119.99000000000001,8.33402783565297,2079.84,2.772588722239781,4.867457524419928,4.3,42,10,1
cool2,cool_stuff,2017-08-01,2017,8,16,116.9275,111.28166666666665,5.073462235468565,1870.84,2.772588722239781,4.761554084610657,4.3,39,8,1
cool2,cool_stuff,2017-10-01,2017,10,10,119.99,113.32333333333332,5.882872018119251,1199.8999999999999,2.302585092994046,4.787408405976297,4.3,33,9,2
cool2,cool_stuff,2017-11-01,2017,11,9,129.99,119.99000000000001,8.33402783565297,1169.91,2.1972245773362196,4.867457524419928,4.3,42,8,4
cool2,cool_stuff,2017-12-01,2017,12,3,129.99,119.99000000000001,8.33402783565297,389.97,1.0986122886681098,4.867457524419928,4.3,38,10,1
cool2,cool_stuff,2018-01-01,2018,1,4,129.99,86.49333333333334,50.28903961769693,519.96,1.3862943611198906,4.867457524419928,4.3,102,8,2
cool2,cool_stuff,2018-02-01,2018,2,2,129.99,119.99000000000001,8.33402783565297,259.98,0.6931471805599453,4.867457524419928,4.3,20,8,2
cool2,cool_stuff,2018-03-01,2018,3,1,129.99,88.32666666666667,47.16959770548721,129.99,0.0,4.867457524419928,4.3,45,9,1
cool2,cool_stuff,2018-04-01,2018,4,1,129.99,84.95111111,53.01742178708039,129.99,0.0,4.867457524419928,4.3,18,9,1
cool3,cool_stuff,2017-09-01,2017,9,1,29.5,52.99666666666667,-44.3361217686647,29.5,0.0,3.3843902633457743,4.4,10,9,1
cool3,cool_stuff,2018-01-01,2018,1,76,29.5,86.49333333333334,-65.893325111762,2242.0,4.330733340286331,3.3843902633457743,4.4,102,8,2
cool3,cool_stuff,2018-03-01,2018,3,26,35.0,88.32666666666667,-60.37436787682089,910.0,3.258096538021482,3.5553480614894135,4.4,45,9,1
cool3,cool_stuff,2018-04-01,2018,4,4,35.0,84.95111111,-58.79983258290782,140.0,1.3862943611198906,3.5553480614894135,4.4,18,9,1
cool3,cool_stuff,2018-05-01,2018,5,4,35.0,35.0,0.0,140.0,1.3862943611198906,3.5553480614894135,4.4,4,8,3
cool3,cool_stuff,2018-06-01,2018,6,2,65.0,65.0,0.0,130.0,0.6931471805599453,4.174387269895637,4.4,2,9,0
cool3,cool_stuff,2018-08-01,2018,8,1,65.0,65.0,0.0,65.0,0.0,4.174387269895637,4.4,1,8,1
cool4,cool_stuff,2017-07-01,2017,7,1,134.99,121.65666666666668,10.9598049154725,134.99,0.0,4.9052007016207355,3.8,42,10,1
cool4,cool_stuff,2017-08-01,2017,8,1,134.99,117.30250000000001,15.078536263080498,134.99,0.0,4.9052007016207355,3.8,39,8,1
cool4,cool_stuff,2017-10-01,2017,10,12,146.99,122.32333333333334,20.165136114668776,1763.88,2.4849066497880004,4.990364557253896,3.8,33,9,2
cool4,cool_stuff,2017-11-01,2017,11,27,157.3603704,129.1134568,21.877590686581325,4248.7300008,3.295836866004329,5.058538527916366,3.8,42,8,4
cool4,cool_stuff,2017-12-01,2017,12,29,166.99,132.32333333333335,26.198453283623437,4842.71,3.367295829986474,5.117933930384341,3.8,38,10,1
cool4,cool_stuff,2018-01-01,2018,1,13,166.99,86.49333333333334,93.06690303684292,2170.87,2.5649493574615367,5.117933930384341,3.8,102,8,2
cool4,cool_stuff,2018-02-01,2018,2,8,176.99,135.65666666666667,30.46907634469372,1415.92,2.0794415416798357,5.176093233802662,3.8,20,8,2
cool4,cool_stuff,2018-03-01,2018,3,11,173.8081818,88.32666666666667,96.7788306287267,1911.8899998,2.3978952727983707,5.157952287672621,3.8,45,9,1
cool4,cool_stuff,2018-04-01,2018,4,6,169.99,84.95111111,100.10332740661431,1019.94,1.791759469228055,5.135739611790679,3.8,18,9,1
cool5,cool_stuff,2017-04-01,2017,4,2,99.99,109.99000000000001,-9.091735612328405,199.98,0.6931471805599453,4.605070180987758,4.3,33,10,2
cool5,cool_stuff,2017-05-01,2017,5,18,99.99,109.99000000000001,-9.091735612328405,1799.82,2.8903717578961645,4.605070180987758,4.3,58,8,1
cool5,cool_stuff,2017-06-01,2017,6,11,99.99,109.99000000000001,-9.091735612328405,1099.8899999999999,2.3978952727983707,4.605070180987758,4.3,42,8,1
cool5,cool_stuff,2017-07-01,2017,7,14,99.99,109.99000000000001,-9.091735612328405,1399.86,2.6390573296152584,4.605070180987758,4.3,42,10,1
cool5,cool_stuff,2017-08-01,2017,8,8,99.99,105.63583333333332,-5.34461948675875,799.92,2.0794415416798357,4.605070180987758,4.3,39,8,1
cool5,cool_stuff,2017-09-01,2017,9,6,99.99,76.49333333333333,30.71727383649992,599.9399999999999,1.791759469228055,4.605070180987758,4.3,10,9,1
cool5,cool_stuff,2017-10-01,2017,10,9,99.99,106.65666666666665,-6.250585992436783,899.91,2.1972245773362196,4.605070180987758,4.3,33,9,2
cool5,cool_stuff,2017-11-01,2017,11,2,99.99,109.99000000000001,-9.091735612328405,199.98,0.6931471805599453,4.605070180987758,4.3,42,8,4
cool5,cool_stuff,2017-12-01,2017,12,3,99.99,109.99000000000001,-9.091735612328405,299.96999999999997,1.0986122886681098,4.605070180987758,4.3,38,10,1
cool5,cool_stuff,2018-01-01,2018,1,6,99.99,86.49333333333334,15.60428549406504,599.9399999999999,1.791759469228055,4.605070180987758,4.3,102,8,2
cool5,cool_stuff,2018-02-01,2018,2,9,99.99,109.99000000000001,-9.091735612328405,899.91,2.1972245773362196,4.605070180987758,4.3,20,8,2
cool5,cool_stuff,2018-03-01,2018,3,5,97.952,88.32666666666667,10.897426220846853,489.76,1.6094379124341003,4.584477562763002,4.3,45,9,1
cool5,cool_stuff,2018-04-01,2018,4,4,84.6925,84.95111111,-0.3044234579405773,338.77,1.3862943611198906,4.439027049921599,4.3,18,9,1
furniture1,furniture_decor,2017-07-01,2017,7,1,38.4,50.6,-24.110671936758898,38.4,0.0,3.648057459593681,3.7,5,10,1
furniture1,furniture_decor,2017-08-01,2017,8,8,38.4,50.6,-24.110671936758898,307.2,2.0794415416798357,3.648057459593681,3.7,14,8,1
furniture1,furniture_decor,2017-09-01,2017,9,12,38.4,38.4,0.0,460.79999999999995,2.4849066497880004,3.648057459593681,3.7,7,9,1
furniture1,furniture_decor,2017-10-01,2017,10,25,38.4,50.6,-24.110671936758898,960.0,3.2188758248682006,3.648057459593681,3.7,17,9,2
furniture1,furniture_decor,2017-11-01,2017,11,28,36.85428571,70.58476190333333,-47.787192708148,1031.91999988,3.332204510175204,3.606971913365389,3.7,64,8,4
furniture1,furniture_decor,2018-01-01,2018,1,2,38.4,69.4317757,-44.69391051451966,76.8,0.6931471805599453,3.648057459593681,3.7,125,8,2
furniture1,furniture_decor,2018-02-01,2018,2,9,38.4,69.4,-44.66858789625361,345.59999999999997,2.1972245773362196,3.648057459593681,3.7,52,8,2
furniture1,furniture_decor,2018-03-01,2018,3,17,35.48571429,68.42857143,-48.14196241653149,603.25714293,2.833213344056216,3.5691302011247834,3.7,83,9,1
furniture1,furniture_decor,2018-04-01,2018,4,17,35.0,68.26666666666667,-48.73046875,595.0,2.833213344056216,3.5553480614894135,3.7,92,9,1
furniture1,furniture_decor,2018-05-01,2018,5,11,35.0,68.26666666666667,-48.73046875,385.0,2.3978952727983707,3.5553480614894135,3.7,95,8,3
furniture1,furniture_decor,2018-06-01,2018,6,13,35.0,74.93333333333334,-53.29181494661922,455.0,2.5649493574615367,3.5553480614894135,3.7,18,9,0
furniture1,furniture_decor,2018-07-01,2018,7,10,35.0,67.81190476333335,-48.38664372848454,350.0,2.302585092994046,3.5553480614894135,3.7,22,9,1
furniture1,furniture_decor,2018-08-01,2018,8,16,35.0,74.02222221,-52.716901823474714,560.0,2.772588722239781,3.5553480614894135,3.7,19,8,1
furniture2,furniture_decor,2017-07-01,2017,7,5,75.0,62.800000000000004,19.42675159235668,375.0,1.6094379124341003,4.31748811353631,4.1,5,10,1
furniture2,furniture_decor,2017-08-01,2017,8,13,75.0,62.800000000000004,19.42675159235668,975.0,2.5649493574615367,4.31748811353631,4.1,14,8,1
furniture2,furniture_decor,2017-10-01,2017,10,5,75.0,62.800000000000004,19.42675159235668,375.0,1.6094379124341003,4.31748811353631,4.1,17,9,2
furniture2,furniture_decor,2017-11-01,2017,11,44,75.0,70.58476190333333,6.255228434025733,3300.0,3.784189633918261,4.31748811353631,4.1,64,8,4
furniture2,furniture_decor,2017-12-01,2017,12,47,75.0,83.3,-9.963985594237693,3525.0,3.8501476017100584,4.31748811353631,4.1,40,10,1
furniture2,furniture_decor,2018-01-01,2018,1,122,69.9953271,69.4317757,0.8116620874496723,8539.4299062,4.804021044733257,4.248428484106811,4.1,125,8,2
furniture2,furniture_decor,2018-02-01,2018,2,44,69.9,69.4,0.7204610951008645,3075.6000000000004,3.784189633918261,4.247065649239764,4.1,52,8,2
furniture2,furniture_decor,2018-03-01,2018,3,65,69.9,68.42857143,2.150313150268261,4543.5,4.174387269895637,4.247065649239764,4.1,83,9,1
furniture2,furniture_decor,2018-04-01,2018,4,83,69.9,68.26666666666667,2.3925781250000098,5801.700000000001,4.418840607796598,4.247065649239764,4.1,92,9,1
furniture2,furniture_decor,2018-05-01,2018,5,92,69.9,68.26666666666667,2.3925781250000098,6430.8,4.5217885770490405,4.247065649239764,4.1,95,8,3
furniture2,furniture_decor,2018-06-01,2018,6,2,89.9,74.93333333333334,19.973309608540927,179.8,0.6931471805599453,4.498697941477575,4.1,18,9,0
furniture2,furniture_decor,2018-07-01,2018,7,2,89.9,67.81190476333335,32.57259225169257,179.8,0.6931471805599453,4.498697941477575,4.1,22,9,1
furniture2,furniture_decor,2018-08-01,2018,8,3,103.2333333,74.02222221,39.46262381468162,309.69999989999997,1.0986122886681098,4.636991797988154,4.1,19,8,1
furniture3,furniture_decor,2017-08-01,2017,8,1,38.4,50.6,-24.110671936758898,38.4,0.0,3.648057459593681,3.8,14,8,1
furniture3,furniture_decor,2017-09-01,2017,9,6,38.4,38.4,0.0,230.39999999999998,1.791759469228055,3.648057459593681,3.8,7,9,1
furniture3,furniture_decor,2017-10-01,2017,10,8,38.4,50.6,-24.110671936758898,307.2,2.0794415416798357,3.648057459593681,3.8,17,9,2
furniture3,furniture_decor,2017-11-01,2017,11,34,34.58117647,70.58476190333333,-51.00758926217058,1175.75999998,3.5263605246161616,3.5433095013652576,3.8,64,8,4
furniture3,furniture_decor,2017-12-01,2017,12,4,38.4,71.10000000000001,-45.99156118143461,153.6,1.3862943611198906,3.648057459593681,3.8,40,10,1
furniture3,furniture_decor,2018-01-01,2018,1,15,38.4,69.4317757,-44.69391051451966,576.0,2.70805020110221,3.648057459593681,3.8,125,8,2
furniture3,furniture_decor,2018-02-01,2018,2,4,38.4,69.4,-44.66858789625361,153.6,1.3862943611198906,3.648057459593681,3.8,52,8,2
furniture3,furniture_decor,2018-03-01,2018,3,14,35.48571429,68.42857143,-48.14196241653149,496.80000005999995,2.6390573296152584,3.5691302011247834,3.8,83,9,1
furniture3,furniture_decor,2018-04-01,2018,4,4,35.0,68.26666666666667,-48.73046875,140.0,1.3862943611198906,3.5553480614894135,3.8,92,9,1
furniture3,furniture_decor,2018-05-01,2018,5,4,35.0,68.26666666666667,-48.73046875,140.0,1.3862943611198906,3.5553480614894135,3.8,95,8,3
furniture3,furniture_decor,2018-06-01,2018,6,2,35.0,74.93333333333334,-53.29181494661922,70.0,0.6931471805599453,3.5553480614894135,3.8,18,9,0
furniture3,furniture_decor,2018-08-01,2018,8,1,35.0,74.02222221,-52.716901823474714,35.0,0.0,3.5553480614894135,3.8,19,8,1
furniture4,furniture_decor,2017-11-01,2017,11,1,99.9,70.58476190333333,41.53196427412229,99.9,0.0,4.604169685654508,4.4,64,8,4
furniture4,furniture_decor,2017-12-01,2017,12,3,99.9,91.60000000000001,9.061135371179036,299.70000000000005,1.0986122886681098,4.604169685654508,4.4,40,10,1
furniture4,furniture_decor,2018-01-01,2018,1,13,99.9,69.4317757,43.882248427069975,1298.7,2.5649493574615367,4.604169685654508,4.4,125,8,2
furniture4,furniture_decor,2018-02-01,2018,2,13,99.9,69.4,43.94812680115273,1298.7,2.5649493574615367,4.604169685654508,4.4,52,8,2
furniture4,furniture_decor,2018-03-01,2018,3,12,99.9,68.42857143,45.99164926626322,1198.8000000000002,2.4849066497880004,4.604169685654508,4.4,83,9,1
furniture4,furniture_decor,2018-04-01,2018,4,13,99.9,68.26666666666667,46.337890625000014,1298.7,2.5649493574615367,4.604169685654508,4.4,92,9,1
furniture4,furniture_decor,2018-05-01,2018,5,13,99.9,68.26666666666667,46.337890625000014,1298.7,2.5649493574615367,4.604169685654508,4.4,95,8,3
furniture4,furniture_decor,2018-06-01,2018,6,10,99.9,74.93333333333334,33.31850533807829,999.0,2.302585092994046,4.604169685654508,4.4,18,9,0
furniture4,furniture_decor,2018-07-01,2018,7,14,78.53571429,67.81190476333335,15.814051476791931,1099.50000006,2.6390573296152584,4.363553480434128,4.4,22,9,1
furniture4,furniture_decor,2018-08-01,2018,8,9,83.83333333,74.02222221,13.254278008793122,754.49999997,2.1972245773362196,4.428830700831923,4.4,19,8,1
garden1,garden_tools,2017-02-01,2017,2,1,99.99,99.99,0.0,99.99,0.0,4.605070180987758,4.3,3,8,2
garden1,garden_tools,2017-03-01,2017,3,5,99.99,99.99,0.0,499.95,1.6094379124341003,4.605070180987758,4.3,21,8,1
garden1,garden_tools,2017-05-01,2017,5,4,109.99,76.59666666666666,43.59632708124809,439.96,1.3862943611198906,4.700389452569025,4.3,34,8,1
garden1,garden_tools,2017-06-01,2017,6,6,109.99,76.59666666666666,43.59632708124809,659.9399999999999,1.791759469228055,4.700389452569025,4.3,26,8,1
garden1,garden_tools,2017-07-01,2017,7,1,120.0,59.9,100.3338898163606,120.0,0.0,4.787491742782046,4.3,74,10,1
garden1,garden_tools,2017-08-01,2017,8,2,120.0,59.9,100.3338898163606,240.0,0.6931471805599453,4.787491742782046,4.3,113,8,1
garden1,garden_tools,2017-09-01,2017,9,7,102.5,59.9,71.11853088480802,717.5,1.9459101490553132,4.629862798578463,4.3,115,9,1
garden1,garden_tools,2017-10-01,2017,10,17,95.29,59.9,59.08180300500836,1619.93,2.833213344056216,4.556924873360097,4.3,146,9,2
garden1,garden_tools,2017-11-01,2017,11,28,89.99,53.28031332666666,68.89915689546112,2519.72,3.332204510175204,4.4996985530458575,4.3,339,8,4
garden1,garden_tools,2017-12-01,2017,12,27,89.99,55.425000000000004,62.36355435272889,2429.73,3.295836866004329,4.4996985530458575,4.3,184,10,1
garden1,garden_tools,2018-01-01,2018,1,11,127.7272727,49.9,155.96647835671345,1404.9999997,2.3978952727983707,4.849897308755953,4.3,137,8,2
garden1,garden_tools,2018-02-01,2018,2,7,120.0,50.60076805,137.15055052410415,840.0,1.9459101490553132,4.787491742782046,4.3,160,8,2
garden1,garden_tools,2018-03-01,2018,3,6,110.0,53.9,104.08163265306123,660.0,1.791759469228055,4.700480365792417,4.3,116,9,1
garden1,garden_tools,2018-04-01,2018,4,5,110.0,53.9,104.08163265306123,550.0,1.6094379124341003,4.700480365792417,4.3,111,9,1
garden1,garden_tools,2018-05-01,2018,5,2,110.0,53.39419002333333,106.0149240056453,220.0,0.6931471805599453,4.700480365792417,4.3,102,8,3
garden1,garden_tools,2018-06-01,2018,6,6,89.99,49.9,80.34068136272545,539.9399999999999,1.791759469228055,4.4996985530458575,4.3,58,9,0
garden1,garden_tools,2018-07-01,2018,7,7,99.99,49.903333333333336,100.36737692872886,699.93,1.9459101490553132,4.605070180987758,4.3,54,9,1
garden1,garden_tools,2018-08-01,2018,8,6,98.32333333,49.903333333333336,97.02758666087769,589.93999998,1.791759469228055,4.588261367551276,4.3,46,8,1
garden10,garden_tools,2017-05-01,2017,5,3,59.9,59.9,0.0,179.7,1.0986122886681098,4.092676505121403,4.2,34,8,1
garden10,garden_tools,2017-06-01,2017,6,3,59.9,59.9,0.0,179.7,1.0986122886681098,4.092676505121403,4.2,26,8,1
garden10,garden_tools,2017-07-01,2017,7,19,59.9,59.9,0.0,1138.1,2.9444389791664403,4.092676505121403,4.2,74,10,1
garden10,garden_tools,2017-08-01,2017,8,27,59.9,59.9,0.0,1617.3,3.295836866004329,4.092676505121403,4.2,113,8,1
garden10,garden_tools,2017-09-01,2017,9,17,59.9,59.9,0.0,1018.3,2.833213344056216,4.092676505121403,4.2,115,9,1
garden10,garden_tools,2017-10-01,2017,10,31,59.9,59.9,0.0,1856.8999999999999,3.4339872044851463,4.092676505121403,4.2,146,9,2
garden10,garden_tools,2017-11-01,2017,11,87,53.64828125,53.28031332666666,0.6906264253314213,4667.40046875,4.465908118654584,3.9824494322168413,4.2,339,8,4
garden10,garden_tools,2017-12-01,2017,12,32,55.425,55.425000000000004,-1.2819895999280111e-14,1773.6,3.4657359027997265,4.015030755502375,4.2,184,10,1
garden10,garden_tools,2018-01-01,2018,1,29,49.9,49.9,0.0,1447.1,3.367295829986474,3.910021002757473,4.2,137,8,2
garden10,garden_tools,2018-02-01,2018,2,36,50.9,50.60076805,0.5913585139741755,1832.3999999999999,3.58351893845611,3.929862923556477,4.2,160,8,2
garden10,garden_tools,2018-03-01,2018,3,35,53.9,53.9,0.0,1886.5,3.5553480614894135,3.9871304779149512,4.2,116,9,1
garden10,garden_tools,2018-04-01,2018,4,13,53.9,53.9,0.0,700.6999999999999,2.5649493574615367,3.9871304779149512,4.2,111,9,1
garden10,garden_tools,2018-05-01,2018,5,29,53.70952381,53.39419002333333,0.5905769645140587,1557.57619049,3.367295829986474,3.983590337931314,4.2,102,8,3
garden10,garden_tools,2018-06-01,2018,6,6,49.9,49.9,0.0,299.4,1.791759469228055,3.910021002757473,4.2,58,9,0
garden10,garden_tools,2018-07-01,2018,7,14,49.9,49.903333333333336,-0.00667958052235136,698.6,2.6390573296152584,3.910021002757473,4.2,54,9,1
garden10,garden_tools,2018-08-01,2018,8,10,49.9,49.903333333333336,-0.00667958052235136,499.0,2.302585092994046,3.910021002757473,4.2,46,8,1
garden2,garden_tools,2017-04-01,2017,4,5,59.9,59.9,0.0,299.5,1.6094379124341003,4.092676505121403,4.3,17,10,2
garden2,garden_tools,2017-05-01,2017,5,2,59.9,59.9,0.0,119.8,0.6931471805599453,4.092676505121403,4.3,34,8,1
garden2,garden_tools,2017-06-01,2017,6,5,59.9,59.9,0.0,299.5,1.6094379124341003,4.092676505121403,4.3,26,8,1
garden2,garden_tools,2017-07-01,2017,7,15,59.9,59.9,0.0,898.5,2.70805020110221,4.092676505121403,4.3,74,10,1
garden2,garden_tools,2017-08-01,2017,8,19,59.9,59.9,0.0,1138.1,2.9444389791664403,4.092676505121403,4.3,113,8,1
garden2,garden_tools,2017-09-01,2017,9,34,59.9,59.9,0.0,2036.6,3.5263605246161616,4.092676505121403,4.3,115,9,1
garden2,garden_tools,2017-10-01,2017,10,13,59.9,59.9,0.0,778.6999999999999,2.5649493574615367,4.092676505121403,4.3,146,9,2
garden2,garden_tools,2017-11-01,2017,11,9,54.45,53.28031332666666,2.195344960082883,490.05,2.1972245773362196,3.9972828493789696,4.3,339,8,4
garden2,garden_tools,2017-12-01,2017,12,1,49.9,55.425000000000004,-9.968425800631493,49.9,0.0,3.910021002757473,4.3,184,10,1
garden2,garden_tools,2018-01-01,2018,1,1,49.9,49.9,0.0,49.9,0.0,3.910021002757473,4.3,137,8,2
garden2,garden_tools,2018-02-01,2018,2,4,51.23333333,50.60076805,1.2501100366202869,204.93333332,1.3862943611198906,3.9363903618113785,4.3,160,8,2
garden2,garden_tools,2018-03-01,2018,3,2,53.9,53.9,0.0,107.8,0.6931471805599453,3.9871304779149512,4.3,116,9,1
garden2,garden_tools,2018-04-01,2018,4,2,53.9,53.9,0.0,107.8,0.6931471805599453,3.9871304779149512,4.3,111,9,1
garden2,garden_tools,2018-05-01,2018,5,4,49.9,53.39419002333333,-6.544139019257275,199.6,1.3862943611198906,3.910021002757473,4.3,102,8,3
garden2,garden_tools,2018-06-01,2018,6,5,49.9,49.9,0.0,249.5,1.6094379124341003,3.910021002757473,4.3,58,9,0
garden2,garden_tools,2018-07-01,2018,7,3,49.9,49.903333333333336,-0.00667958052235136,149.7,1.0986122886681098,3.910021002757473,4.3,54,9,1
garden2,garden_tools,2018-08-01,2018,8,3,49.9,49.903333333333336,-0.00667958052235136,149.7,1.0986122886681098,3.910021002757473,4.3,46,8,1
garden3,garden_tools,2017-02-01,2017,2,1,99.99,99.99,0.0,99.99,0.0,4.605070180987758,4.1,3,8,2
garden3,garden_tools,2017-03-01,2017,3,11,99.99,99.99,0.0,1099.8899999999999,2.3978952727983707,4.605070180987758,4.1,21,8,1
garden3,garden_tools,2017-04-01,2017,4,8,96.65666667,96.65666667,0.0,773.25333336,2.0794415416798357,4.571165180719892,4.1,17,10,2
garden3,garden_tools,2017-05-01,2017,5,2,109.99,76.59666666666666,43.59632708124809,219.98,0.6931471805599453,4.700389452569025,4.1,34,8,1
garden3,garden_tools,2017-06-01,2017,6,2,119.99,79.92999999999999,50.118853997247605,239.98,0.6931471805599453,4.787408405976297,4.1,26,8,1
garden3,garden_tools,2017-07-01,2017,7,2,120.0,59.9,100.3338898163606,240.0,0.6931471805599453,4.787491742782046,4.1,74,10,1
garden3,garden_tools,2017-09-01,2017,9,4,104.25,59.9,74.04006677796328,417.0,1.3862943611198906,4.646791860678911,4.1,115,9,1
garden3,garden_tools,2017-10-01,2017,10,12,92.594,59.9,54.58096828046743,1111.128,2.4849066497880004,4.5282243447364445,4.1,146,9,2
garden3,garden_tools,2017-11-01,2017,11,21,89.99,53.28031332666666,68.89915689546112,1889.79,3.044522437723423,4.4996985530458575,4.1,339,8,4
garden3,garden_tools,2017-12-01,2017,12,14,89.99,55.425000000000004,62.36355435272889,1259.86,2.6390573296152584,4.4996985530458575,4.1,184,10,1
garden3,garden_tools,2018-01-01,2018,1,12,123.3316667,49.9,147.1576486973948,1479.9800003999999,2.4849066497880004,4.8148772036356124,4.1,137,8,2
garden3,garden_tools,2018-02-01,2018,2,14,120.0,50.60076805,137.15055052410415,1680.0,2.6390573296152584,4.787491742782046,4.1,160,8,2
garden3,garden_tools,2018-03-01,2018,3,6,113.3333333,53.9,110.26592448979594,679.9999998000001,1.791759469228055,4.73033332864798,4.1,116,9,1
garden3,garden_tools,2018-04-01,2018,4,7,110.0,53.9,104.08163265306123,770.0,1.9459101490553132,4.700480365792417,4.1,111,9,1
garden3,garden_tools,2018-05-01,2018,5,8,110.0,53.39419002333333,106.0149240056453,880.0,2.0794415416798357,4.700480365792417,4.1,102,8,3
garden3,garden_tools,2018-06-01,2018,6,10,96.65666667,49.9,93.70073480961926,966.5666667,2.302585092994046,4.571165180719892,4.1,58,9,0
garden3,garden_tools,2018-07-01,2018,7,5,99.99,49.903333333333336,100.36737692872886,499.95,1.6094379124341003,4.605070180987758,4.1,54,9,1
garden3,garden_tools,2018-08-01,2018,8,2,99.99,49.903333333333336,100.36737692872886,199.98,0.6931471805599453,4.605070180987758,4.1,46,8,1
garden4,garden_tools,2017-07-01,2017,7,13,59.9,59.9,0.0,778.6999999999999,2.5649493574615367,4.092676505121403,4.1,74,10,1
garden4,garden_tools,2017-08-01,2017,8,23,59.9,59.9,0.0,1377.7,3.1354942159291497,4.092676505121403,4.1,113,8,1
garden4,garden_tools,2017-09-01,2017,9,13,59.9,59.9,0.0,778.6999999999999,2.5649493574615367,4.092676505121403,4.1,115,9,1
garden4,garden_tools,2017-10-01,2017,10,36,59.9,59.9,0.0,2156.4,3.58351893845611,4.092676505121403,4.1,146,9,2
garden4,garden_tools,2017-11-01,2017,11,69,53.78571429,53.28031332666666,0.9485698033243204,3711.2142860100003,4.23410650459726,3.9850078982643162,4.1,339,8,4
garden4,garden_tools,2017-12-01,2017,12,44,55.75,55.425000000000004,0.5863779882724325,2453.0,3.784189633918261,4.020877410340228,4.1,184,10,1
garden4,garden_tools,2018-01-01,2018,1,39,49.9,49.9,0.0,1946.1,3.6635616461296463,3.910021002757473,4.1,137,8,2
garden4,garden_tools,2018-02-01,2018,2,48,50.35714286,50.60076805,-0.4814653994169876,2417.14285728,3.871201010907891,3.919140473253748,4.1,160,8,2
garden4,garden_tools,2018-03-01,2018,3,26,53.9,53.9,0.0,1401.3999999999999,3.258096538021482,3.9871304779149512,4.1,116,9,1
garden4,garden_tools,2018-04-01,2018,4,28,53.9,53.9,0.0,1509.2,3.332204510175204,3.9871304779149512,4.1,111,9,1
garden4,garden_tools,2018-05-01,2018,5,25,53.05789474,53.39419002333333,-0.6298349749033868,1326.4473685,3.2188758248682006,3.9713836709529735,4.1,102,8,3
garden4,garden_tools,2018-06-01,2018,6,15,49.9,49.9,0.0,748.5,2.70805020110221,3.910021002757473,4.1,58,9,0
garden4,garden_tools,2018-07-01,2018,7,3,49.9,49.903333333333336,-0.00667958052235136,149.7,1.0986122886681098,3.910021002757473,4.1,54,9,1
garden4,garden_tools,2018-08-01,2018,8,6,49.9,49.903333333333336,-0.00667958052235136,299.4,1.791759469228055,3.910021002757473,4.1,46,8,1
garden5,garden_tools,2017-03-01,2017,3,6,69.9,69.9,0.0,419.40000000000003,1.791759469228055,4.247065649239764,4.1,21,8,1
garden5,garden_tools,2017-04-01,2017,4,3,82.63333333,82.63333333,0.0,247.89999999,1.0986122886681098,4.414413150332696,4.1,17,10,2
garden5,garden_tools,2017-05-01,2017,5,20,97.58823529,72.46274509666667,34.673665978035274,1951.7647058,2.995732273553991,4.580756946092034,4.1,34,8,1
garden5,garden_tools,2017-06-01,2017,6,8,89.0,69.60000000000001,27.87356321839079,712.0,2.0794415416798357,4.48863636973214,4.1,26,8,1
garden5,garden_tools,2017-07-01,2017,7,10,89.0,59.9,48.58096828046745,890.0,2.302585092994046,4.48863636973214,4.1,74,10,1
garden5,garden_tools,2017-08-01,2017,8,7,97.33333333,59.9,62.49304395659433,681.3333333100001,1.9459101490553132,4.578141513565925,4.1,113,8,1
garden5,garden_tools,2017-09-01,2017,9,9,99.0,59.9,65.2754590984975,891.0,2.1972245773362196,4.59511985013459,4.1,115,9,1
garden5,garden_tools,2017-10-01,2017,10,14,99.0,59.9,65.2754590984975,1386.0,2.6390573296152584,4.59511985013459,4.1,146,9,2
garden5,garden_tools,2017-11-01,2017,11,17,99.0,53.28031332666666,85.8097181092416,1683.0,2.833213344056216,4.59511985013459,4.1,339,8,4
garden5,garden_tools,2017-12-01,2017,12,11,99.0,55.425000000000004,78.61975642760486,1089.0,2.3978952727983707,4.59511985013459,4.1,184,10,1
garden5,garden_tools,2018-01-01,2018,1,4,99.5,49.9,99.39879759519039,398.0,1.3862943611198906,4.600157644164547,4.1,137,8,2
garden5,garden_tools,2018-02-01,2018,2,2,101.0,50.60076805,99.60171335778766,202.0,0.6931471805599453,4.61512051684126,4.1,160,8,2
garden5,garden_tools,2018-03-01,2018,3,1,101.0,53.9,87.38404452690168,101.0,0.0,4.61512051684126,4.1,116,9,1
garden5,garden_tools,2018-04-01,2018,4,1,101.0,53.9,87.38404452690168,101.0,0.0,4.61512051684126,4.1,111,9,1
garden6,garden_tools,2017-05-01,2017,5,4,59.9,59.9,0.0,239.6,1.3862943611198906,4.092676505121403,4.1,34,8,1
garden6,garden_tools,2017-06-01,2017,6,1,59.9,59.9,0.0,59.9,0.0,4.092676505121403,4.1,26,8,1
garden6,garden_tools,2017-07-01,2017,7,14,59.9,59.9,0.0,838.6,2.6390573296152584,4.092676505121403,4.1,74,10,1
garden6,garden_tools,2017-08-01,2017,8,39,59.9,59.9,0.0,2336.1,3.6635616461296463,4.092676505121403,4.1,113,8,1
garden6,garden_tools,2017-09-01,2017,9,37,59.9,59.9,0.0,2216.2999999999997,3.6109179126442243,4.092676505121403,4.1,115,9,1
garden6,garden_tools,2017-10-01,2017,10,39,59.9,59.9,0.0,2336.1,3.6635616461296463,4.092676505121403,4.1,146,9,2
garden6,garden_tools,2017-11-01,2017,11,91,52.40694444,53.28031332666666,-1.6391962286557018,4769.03194404,4.51085950651685,3.9590391100269215,4.1,339,8,4
garden6,garden_tools,2017-12-01,2017,12,51,55.1,55.425000000000004,-0.5863779882724452,2810.1,3.9318256327243257,4.009149716158869,4.1,184,10,1
garden6,garden_tools,2018-01-01,2018,1,12,49.9,49.9,0.0,598.8,2.4849066497880004,3.910021002757473,4.1,137,8,2
garden6,garden_tools,2018-02-01,2018,2,39,50.54516129,50.60076805,-0.10989311455717383,1971.26129031,3.6635616461296463,3.9228672196188343,4.1,160,8,2
garden6,garden_tools,2018-03-01,2018,3,31,53.9,53.9,0.0,1670.8999999999999,3.4339872044851463,3.9871304779149512,4.1,116,9,1
garden6,garden_tools,2018-04-01,2018,4,46,53.9,53.9,0.0,2479.4,3.828641396489095,3.9871304779149512,4.1,111,9,1
garden6,garden_tools,2018-05-01,2018,5,56,53.41515152,53.39419002333333,0.03925801038935476,2991.24848512,4.02535169073515,3.9780944420501974,4.1,102,8,3
garden6,garden_tools,2018-06-01,2018,6,12,49.9,49.9,0.0,598.8,2.4849066497880004,3.910021002757473,4.1,58,9,0
garden6,garden_tools,2018-07-01,2018,7,6,49.91,49.903333333333336,0.013359161044674243,299.46,1.791759469228055,3.9102213834815176,4.1,54,9,1
garden6,garden_tools,2018-08-01,2018,8,6,49.91,49.903333333333336,0.013359161044674243,299.46,1.791759469228055,3.9102213834815176,4.1,46,8,1
garden7,garden_tools,2017-04-01,2017,4,1,59.9,59.9,0.0,59.9,0.0,4.092676505121403,4.2,17,10,2
garden7,garden_tools,2017-05-01,2017,5,1,59.9,59.9,0.0,59.9,0.0,4.092676505121403,4.2,34,8,1
garden7,garden_tools,2017-07-01,2017,7,4,59.9,59.9,0.0,239.6,1.3862943611198906,4.092676505121403,4.2,74,10,1
garden7,garden_tools,2017-08-01,2017,8,6,59.9,59.9,0.0,359.4,1.791759469228055,4.092676505121403,4.2,113,8,1
garden7,garden_tools,2017-09-01,2017,9,5,59.9,59.9,0.0,299.5,1.6094379124341003,4.092676505121403,4.2,115,9,1
garden7,garden_tools,2017-10-01,2017,10,11,59.9,59.9,0.0,658.9,2.3978952727983707,4.092676505121403,4.2,146,9,2
garden7,garden_tools,2017-11-01,2017,11,20,51.32222222,53.28031332666666,-3.67507430870651,1026.4444444,2.995732273553991,3.938123840057041,4.2,339,8,4
garden7,garden_tools,2017-12-01,2017,12,10,56.97777778,55.425000000000004,2.8015837257555116,569.7777778,2.302585092994046,4.042661328309243,4.2,184,10,1
garden7,garden_tools,2018-01-01,2018,1,11,49.9,49.9,0.0,548.9,2.3978952727983707,3.910021002757473,4.2,137,8,2
garden7,garden_tools,2018-02-01,2018,2,8,51.4,50.60076805,1.5794858078246095,411.2,2.0794415416798357,3.9396381724611196,4.2,160,8,2
garden7,garden_tools,2018-03-01,2018,3,3,53.9,53.9,0.0,161.7,1.0986122886681098,3.9871304779149512,4.2,116,9,1
garden7,garden_tools,2018-04-01,2018,4,8,53.9,53.9,0.0,431.2,2.0794415416798357,3.9871304779149512,4.2,111,9,1
garden7,garden_tools,2018-05-01,2018,5,9,52.9,53.39419002333333,-0.9255501827396758,476.09999999999997,2.1972245773362196,3.9684033388642534,4.2,102,8,3
garden7,garden_tools,2018-06-01,2018,6,5,49.9,49.9,0.0,249.5,1.6094379124341003,3.910021002757473,4.2,58,9,0
garden7,garden_tools,2018-07-01,2018,7,6,49.9,49.903333333333336,-0.00667958052235136,299.4,1.791759469228055,3.910021002757473,4.2,54,9,1
garden7,garden_tools,2018-08-01,2018,8,7,49.9,49.903333333333336,-0.00667958052235136,349.3,1.9459101490553132,3.910021002757473,4.2,46,8,1
garden8,garden_tools,2017-02-01,2017,2,1,179.99,179.99,0.0,179.99,0.0,5.192901293791388,4.2,3,8,2
garden8,garden_tools,2017-04-01,2017,4,3,179.99,179.99,0.0,539.97,1.0986122886681098,5.192901293791388,4.2,17,10,2
garden8,garden_tools,2017-09-01,2017,9,2,179.99,59.9,200.48414023372288,359.98,0.6931471805599453,5.192901293791388,4.2,115,9,1
garden8,garden_tools,2017-10-01,2017,10,6,179.99,59.9,200.48414023372288,1079.94,1.791759469228055,5.192901293791388,4.2,146,9,2
garden8,garden_tools,2017-11-01,2017,11,13,179.99,53.28031332666666,237.81708244931713,2339.87,2.5649493574615367,5.192901293791388,4.2,339,8,4
garden8,garden_tools,2017-12-01,2017,12,15,183.99,55.425000000000004,231.96211096075774,2759.8500000000004,2.70805020110221,5.214881408306002,4.2,184,10,1
garden8,garden_tools,2018-01-01,2018,1,14,187.8542857,49.9,276.46149438877757,2629.9599998,2.6390573296152584,5.235666586239369,4.2,137,8,2
garden8,garden_tools,2018-02-01,2018,2,12,179.0,50.60076805,253.74957119845539,2148.0,2.4849066497880004,5.187385805840755,4.2,160,8,2
garden8,garden_tools,2018-03-01,2018,3,13,175.1538462,53.9,224.96075361781078,2277.0000006,2.5649493574615367,5.165664708865708,4.2,116,9,1
garden8,garden_tools,2018-04-01,2018,4,11,179.0,53.9,232.09647495361781,1969.0,2.3978952727983707,5.187385805840755,4.2,111,9,1
garden8,garden_tools,2018-05-01,2018,5,3,179.0,53.39419002333333,235.24246724555007,537.0,1.0986122886681098,5.187385805840755,4.2,102,8,3
garden8,garden_tools,2018-06-01,2018,6,10,159.0,49.9,218.63727454909818,1590.0,2.302585092994046,5.0689042022202315,4.2,58,9,0
garden8,garden_tools,2018-07-01,2018,7,8,139.0,49.903333333333336,178.5385077817113,1112.0,2.0794415416798357,4.9344739331306915,4.2,54,9,1
garden8,garden_tools,2018-08-01,2018,8,7,139.0,49.903333333333336,178.5385077817113,973.0,1.9459101490553132,4.9344739331306915,4.2,46,8,1
garden9,garden_tools,2017-04-01,2017,4,3,59.9,59.9,0.0,179.7,1.0986122886681098,4.092676505121403,4.0,17,10,2
garden9,garden_tools,2017-05-01,2017,5,7,59.9,59.9,0.0,419.3,1.9459101490553132,4.092676505121403,4.0,34,8,1
garden9,garden_tools,2017-06-01,2017,6,4,59.9,59.9,0.0,239.6,1.3862943611198906,4.092676505121403,4.0,26,8,1
garden9,garden_tools,2017-07-01,2017,7,19,59.9,59.9,0.0,1138.1,2.9444389791664403,4.092676505121403,4.0,74,10,1
garden9,garden_tools,2017-08-01,2017,8,21,59.9,59.9,0.0,1257.8999999999999,3.044522437723423,4.092676505121403,4.0,113,8,1
garden9,garden_tools,2017-09-01,2017,9,23,59.9,59.9,0.0,1377.7,3.1354942159291497,4.092676505121403,4.0,115,9,1
garden9,garden_tools,2017-10-01,2017,10,19,59.9,59.9,0.0,1138.1,2.9444389791664403,4.092676505121403,4.0,146,9,2
garden9,garden_tools,2017-11-01,2017,11,82,53.37910448,53.28031332666666,0.18541774093490518,4377.08656736,4.406719247264253,3.9774193675149347,4.0,339,8,4
garden9,garden_tools,2017-12-01,2017,12,40,55.77096774,55.425000000000004,0.6242088227334216,2230.8387096,3.6888794541139363,4.02125344259088,4.0,184,10,1
garden9,garden_tools,2018-01-01,2018,1,25,49.9,49.9,0.0,1247.5,3.2188758248682006,3.910021002757473,4.0,137,8,2
garden9,garden_tools,2018-02-01,2018,2,44,51.025,50.60076805,0.838390337436784,2245.1,3.784189633918261,3.9323157086959086,4.0,160,8,2
garden9,garden_tools,2018-03-01,2018,3,25,53.9,53.9,0.0,1347.5,3.2188758248682006,3.9871304779149512,4.0,116,9,1
garden9,garden_tools,2018-04-01,2018,4,20,53.9,53.9,0.0,1078.0,2.995732273553991,3.9871304779149512,4.0,111,9,1
garden9,garden_tools,2018-05-01,2018,5,17,52.56666667,53.39419002333333,-1.5498378249987586,893.63333339,2.833213344056216,3.9620822053642946,4.0,102,8,3
garden9,garden_tools,2018-06-01,2018,6,8,49.9,49.9,0.0,399.2,2.0794415416798357,3.910021002757473,4.0,58,9,0
garden9,garden_tools,2018-07-01,2018,7,9,49.9,49.903333333333336,-0.00667958052235136,449.09999999999997,2.1972245773362196,3.910021002757473,4.0,54,9,1
garden9,garden_tools,2018-08-01,2018,8,7,49.9,49.903333333333336,-0.00667958052235136,349.3,1.9459101490553132,3.910021002757473,4.0,46,8,1
health1,health_beauty,2017-08-01,2017,8,3,84.99,57.45913580333333,47.91381529109168,254.96999999999997,1.0986122886681098,4.442533602510535,3.8,82,8,1
health1,health_beauty,2017-09-01,2017,9,4,84.99,57.656666666666666,47.4070648089264,339.96,1.3862943611198906,4.442533602510535,3.8,89,9,1
health1,health_beauty,2017-10-01,2017,10,3,84.99,57.656666666666666,47.4070648089264,254.96999999999997,1.0986122886681098,4.442533602510535,3.8,81,9,2
health1,health_beauty,2017-11-01,2017,11,36,84.99,57.656666666666666,47.4070648089264,3059.64,3.58351893845611,4.442533602510535,3.8,139,8,4
health1,health_beauty,2017-12-01,2017,12,50,84.99,57.656666666666666,47.4070648089264,4249.5,3.912023005428146,4.442533602510535,3.8,112,10,1
health1,health_beauty,2018-01-01,2018,1,13,84.99,57.656666666666666,47.4070648089264,1104.87,2.5649493574615367,4.442533602510535,3.8,98,8,2
health1,health_beauty,2018-02-01,2018,2,7,84.99,57.656666666666666,47.4070648089264,594.93,1.9459101490553132,4.442533602510535,3.8,126,8,2
health1,health_beauty,2018-03-01,2018,3,4,84.99,55.57333333333333,52.93306142034548,339.96,1.3862943611198906,4.442533602510535,3.8,169,9,1
health1,health_beauty,2018-06-01,2018,6,2,84.99,54.32333333333333,56.45210774989262,169.98,0.6931471805599453,4.442533602510535,3.8,131,9,0
health10,health_beauty,2018-02-01,2018,2,21,47.35789474,57.656666666666666,-17.86223956755507,994.51578954,3.044522437723423,3.857733537307313,4.2,126,8,2
health10,health_beauty,2018-03-01,2018,3,58,48.45944444,55.57333333333333,-12.800903718809979,2810.64777752,4.060443010546419,3.88072725102221,4.2,169,9,1
health10,health_beauty,2018-04-01,2018,4,18,53.70176471,64.22725490333333,-16.387887368337566,966.63176478,2.8903717578961645,3.9834458633584755,4.2,118,9,1
health10,health_beauty,2018-05-01,2018,5,33,52.06928571,54.32333333333333,-4.149317586058774,1718.2864284300001,3.4965075614664802,3.9525752492009394,4.2,159,8,3
health10,health_beauty,2018-06-01,2018,6,9,49.98,54.32333333333333,-7.995336565011966,449.82,2.1972245773362196,3.9116229254068062,4.2,131,9,0
health10,health_beauty,2018-07-01,2018,7,5,51.512,54.32333333333333,-5.175185616984716,257.56,1.6094379124341003,3.9418147902358824,4.2,113,9,1
health10,health_beauty,2018-08-01,2018,8,11,50.71,55.26714285666666,-8.245663917321442,557.8100000000001,2.3978952727983707,3.926123129806928,4.2,127,8,1
health2,health_beauty,2017-08-01,2017,8,6,325.0,57.45913580333333,465.61936662671843,1950.0,1.791759469228055,5.783825182329737,4.2,82,8,1
health2,health_beauty,2017-09-01,2017,9,11,325.0,57.656666666666666,463.68156327686887,3575.0,2.3978952727983707,5.783825182329737,4.2,89,9,1
health2,health_beauty,2017-10-01,2017,10,2,325.0,57.656666666666666,463.68156327686887,650.0,0.6931471805599453,5.783825182329737,4.2,81,9,2
health2,health_beauty,2017-11-01,2017,11,12,325.0,57.656666666666666,463.68156327686887,3900.0,2.4849066497880004,5.783825182329737,4.2,139,8,4
health2,health_beauty,2017-12-01,2017,12,6,325.0,57.656666666666666,463.68156327686887,1950.0,1.791759469228055,5.783825182329737,4.2,112,10,1
health2,health_beauty,2018-01-01,2018,1,10,325.0,57.656666666666666,463.68156327686887,3250.0,2.302585092994046,5.783825182329737,4.2,98,8,2
health2,health_beauty,2018-02-01,2018,2,23,325.0,57.656666666666666,463.68156327686887,7475.0,3.1354942159291497,5.783825182329737,4.2,126,8,2
health2,health_beauty,2018-03-01,2018,3,28,325.8928571,55.57333333333333,486.41948854366615,9124.9999988,3.332204510175204,5.786568668143982,4.2,169,9,1
health2,health_beauty,2018-04-01,2018,4,21,330.0,156.32666666666668,111.09642202226107,6930.0,3.044522437723423,5.799092654460526,4.2,118,9,1
health2,health_beauty,2018-05-01,2018,5,19,330.0,54.32333333333333,507.4737681781923,6270.0,2.9444389791664403,5.799092654460526,4.2,159,8,3
health2,health_beauty,2018-06-01,2018,6,16,330.0,54.32333333333333,507.4737681781923,5280.0,2.772588722239781,5.799092654460526,4.2,131,9,0
health2,health_beauty,2018-07-01,2018,7,13,330.0,54.32333333333333,507.4737681781923,4290.0,2.5649493574615367,5.799092654460526,4.2,113,9,1
health2,health_beauty,2018-08-01,2018,8,28,330.0,55.26714285666666,497.09980097187776,9240.0,3.332204510175204,5.799092654460526,4.2,127,8,1
health3,health_beauty,2018-01-01,2018,1,1,110.99,57.656666666666666,92.50158987107591,110.99,0.0,4.709440107163888,4.1,98,8,2
health3,health_beauty,2018-02-01,2018,2,2,110.99,57.656666666666666,92.50158987107591,221.98,0.6931471805599453,4.709440107163888,4.1,126,8,2
health3,health_beauty,2018-03-01,2018,3,9,110.99,55.57333333333333,99.71809021113243,998.91,2.1972245773362196,4.709440107163888,4.1,169,9,1
health3,health_beauty,2018-04-01,2018,4,13,116.5284615,85.16948716666667,36.81949413640065,1514.8699995000002,2.5649493574615367,4.758135547889246,4.1,118,9,1
health3,health_beauty,2018-05-01,2018,5,23,119.99,54.32333333333333,120.8811437687918,2759.77,3.1354942159291497,4.787408405976297,4.1,159,8,3
health3,health_beauty,2018-06-01,2018,6,43,122.99,54.32333333333333,126.40363257041172,5288.57,3.7612001156935624,4.8121030512543195,4.1,131,9,0
health3,health_beauty,2018-07-01,2018,7,33,122.99,54.32333333333333,126.40363257041172,4058.6699999999996,3.4965075614664802,4.8121030512543195,4.1,113,9,1
health3,health_beauty,2018-08-01,2018,8,32,122.99,55.26714285666666,122.53728642888255,3935.68,3.4657359027997265,4.8121030512543195,4.1,127,8,1
health4,health_beauty,2017-10-01,2017,10,1,29.9,57.656666666666666,-48.14129617852807,29.9,0.0,3.3978584803966405,4.5,81,9,2
health4,health_beauty,2017-11-01,2017,11,6,29.9,57.656666666666666,-48.14129617852807,179.39999999999998,1.791759469228055,3.3978584803966405,4.5,139,8,4
health4,health_beauty,2017-12-01,2017,12,6,29.9,57.656666666666666,-48.14129617852807,179.39999999999998,1.791759469228055,3.3978584803966405,4.5,112,10,1
health4,health_beauty,2018-01-01,2018,1,15,29.9,57.656666666666666,-48.14129617852807,448.5,2.70805020110221,3.3978584803966405,4.5,98,8,2
health4,health_beauty,2018-02-01,2018,2,16,29.9,57.656666666666666,-48.14129617852807,478.4,2.772588722239781,3.3978584803966405,4.5,126,8,2
health4,health_beauty,2018-03-01,2018,3,11,29.9,55.57333333333333,-46.19721689059501,328.9,2.3978952727983707,3.3978584803966405,4.5,169,9,1
health4,health_beauty,2018-04-01,2018,4,22,29.9,56.29333333333333,-46.88536238749408,657.8,3.091042453358316,3.3978584803966405,4.5,118,9,1
health4,health_beauty,2018-05-01,2018,5,22,29.9,54.32333333333333,-44.9591949438547,657.8,3.091042453358316,3.3978584803966405,4.5,159,8,3
health4,health_beauty,2018-06-01,2018,6,7,29.9,54.32333333333333,-44.9591949438547,209.29999999999998,1.9459101490553132,3.3978584803966405,4.5,131,9,0
health4,health_beauty,2018-07-01,2018,7,18,29.9,54.32333333333333,-44.9591949438547,538.1999999999999,2.8903717578961645,3.3978584803966405,4.5,113,9,1
health4,health_beauty,2018-08-01,2018,8,13,29.9,55.26714285666666,-45.899139245275315,388.7,2.5649493574615367,3.3978584803966405,4.5,127,8,1
health5,health_beauty,2017-01-01,2017,1,8,349.9,254.92999999999998,37.253363668458015,2799.2,2.0794415416798357,5.857647399373643,4.3,9,9,1
health5,health_beauty,2017-02-01,2017,2,4,349.9,144.96,141.37693156732888,1399.6,1.3862943611198906,5.857647399373643,4.3,19,8,2
health5,health_beauty,2017-03-01,2017,3,2,349.9,58.32333333333332,499.9314168143111,699.8,0.6931471805599453,5.857647399373643,4.3,25,8,1
health5,health_beauty,2017-04-01,2017,4,1,349.9,144.96,141.37693156732888,349.9,0.0,5.857647399373643,4.3,23,10,2
health5,health_beauty,2017-05-01,2017,5,4,349.9,58.32333333333332,499.9314168143111,1399.6,1.3862943611198906,5.857647399373643,4.3,41,8,1
health5,health_beauty,2017-06-01,2017,6,2,349.9,56.25984127,521.9356331290978,699.8,0.6931471805599453,5.857647399373643,4.3,53,8,1
health5,health_beauty,2017-07-01,2017,7,1,349.9,56.41222222333332,520.2556577451645,349.9,0.0,5.857647399373643,4.3,61,10,1
health5,health_beauty,2017-08-01,2017,8,7,349.9,57.45913580333333,508.9545119467347,2449.2999999999997,1.9459101490553132,5.857647399373643,4.3,82,8,1
health5,health_beauty,2017-09-01,2017,9,7,349.9,57.656666666666666,506.8682430479274,2449.2999999999997,1.9459101490553132,5.857647399373643,4.3,89,9,1
health5,health_beauty,2017-10-01,2017,10,10,349.9,57.656666666666666,506.8682430479274,3499.0,2.302585092994046,5.857647399373643,4.3,81,9,2
health5,health_beauty,2017-11-01,2017,11,11,322.1363636,57.656666666666666,458.714858530381,3543.4999995999997,2.3978952727983707,5.774974945339057,4.3,139,8,4
health5,health_beauty,2017-12-01,2017,12,7,349.9,57.656666666666666,506.8682430479274,2449.2999999999997,1.9459101490553132,5.857647399373643,4.3,112,10,1
health5,health_beauty,2018-01-01,2018,1,12,349.9,57.656666666666666,506.8682430479274,4198.799999999999,2.4849066497880004,5.857647399373643,4.3,98,8,2
health5,health_beauty,2018-02-01,2018,2,15,349.9,57.656666666666666,506.8682430479274,5248.5,2.70805020110221,5.857647399373643,4.3,126,8,2
health5,health_beauty,2018-03-01,2018,3,17,349.9,55.57333333333333,529.6185220729367,5948.299999999999,2.833213344056216,5.857647399373643,4.3,169,9,1
health5,health_beauty,2018-04-01,2018,4,7,349.9,162.96,114.71526755031907,2449.2999999999997,1.9459101490553132,5.857647399373643,4.3,118,9,1
health5,health_beauty,2018-05-01,2018,5,10,352.25,54.32333333333333,548.4322267902069,3522.5,2.302585092994046,5.86434115077879,4.3,159,8,3
health5,health_beauty,2018-06-01,2018,6,11,364.0,54.32333333333333,570.0619745965515,4004.0,2.3978952727983707,5.8971538676367405,4.3,131,9,0
health5,health_beauty,2018-07-01,2018,7,11,364.0,54.32333333333333,570.0619745965515,4004.0,2.3978952727983707,5.8971538676367405,4.3,113,9,1
health5,health_beauty,2018-08-01,2018,8,9,364.0,55.26714285666666,558.619174405344,3276.0,2.1972245773362196,5.8971538676367405,4.3,127,8,1
health6,health_beauty,2018-01-01,2018,1,3,61.99,57.656666666666666,7.515754177024922,185.97,1.0986122886681098,4.126973081713828,3.9,98,8,2
health6,health_beauty,2018-03-01,2018,3,13,61.99,55.57333333333333,11.54630518234166,805.87,2.5649493574615367,4.126973081713828,3.9,169,9,1
health6,health_beauty,2018-04-01,2018,4,15,64.99,67.99,-4.412413590233858,974.8499999999999,2.70805020110221,4.174233411906258,3.9,118,9,1
health6,health_beauty,2018-05-01,2018,5,38,64.99,54.32333333333333,19.635515739093083,2469.62,3.6375861597263857,4.174233411906258,3.9,159,8,3
health6,health_beauty,2018-06-01,2018,6,26,66.99,54.32333333333333,23.317174940173036,1741.7399999999998,3.258096538021482,4.204543354520176,3.9,131,9,0
health6,health_beauty,2018-07-01,2018,7,27,66.99,54.32333333333333,23.317174940173036,1808.7299999999998,3.295836866004329,4.204543354520176,3.9,113,9,1
health6,health_beauty,2018-08-01,2018,8,28,66.99,55.26714285666666,21.211259597291185,1875.7199999999998,3.332204510175204,4.204543354520176,3.9,127,8,1
health7,health_beauty,2017-01-01,2017,1,1,64.99,64.99,0.0,64.99,0.0,4.174233411906258,3.9,9,9,1
health7,health_beauty,2017-02-01,2017,2,5,64.99,49.98999999999999,30.006001200240068,324.95,1.6094379124341003,4.174233411906258,3.9,19,8,2
health7,health_beauty,2017-03-01,2017,3,9,64.99,58.32333333333332,11.430530948162552,584.91,2.1972245773362196,4.174233411906258,3.9,25,8,1
health7,health_beauty,2017-04-01,2017,4,9,64.99,49.98999999999999,30.006001200240068,584.91,2.1972245773362196,4.174233411906258,3.9,23,10,2
health7,health_beauty,2017-05-01,2017,5,16,64.99,58.32333333333332,11.430530948162552,1039.84,2.772588722239781,4.174233411906258,3.9,41,8,1
health7,health_beauty,2017-06-01,2017,6,21,58.79952381,56.25984127,4.514201396004035,1234.7900000099999,3.044522437723423,4.074133756402401,3.9,53,8,1
health7,health_beauty,2017-07-01,2017,7,15,59.25666667,56.41222222333332,5.0422485315427865,888.8500000500001,2.70805020110221,4.081878291322737,3.9,61,10,1
health7,health_beauty,2017-08-01,2017,8,22,58.99,57.45913580333333,2.6642659609542214,1297.78,3.091042453358316,4.077367938014984,3.9,82,8,1
health7,health_beauty,2017-09-01,2017,9,25,58.99,57.656666666666666,2.3125397467769018,1474.75,3.2188758248682006,4.077367938014984,3.9,89,9,1
health7,health_beauty,2017-10-01,2017,10,19,58.99,57.656666666666666,2.3125397467769018,1120.81,2.9444389791664403,4.077367938014984,3.9,81,9,2
health7,health_beauty,2017-11-01,2017,11,24,58.99,57.656666666666666,2.3125397467769018,1415.76,3.1780538303479458,4.077367938014984,3.9,139,8,4
health7,health_beauty,2017-12-01,2017,12,9,58.99,57.656666666666666,2.3125397467769018,530.91,2.1972245773362196,4.077367938014984,3.9,112,10,1
health7,health_beauty,2018-01-01,2018,1,6,58.99,57.656666666666666,2.3125397467769018,353.94,1.791759469228055,4.077367938014984,3.9,98,8,2
health7,health_beauty,2018-02-01,2018,2,14,58.99,57.656666666666666,2.3125397467769018,825.86,2.6390573296152584,4.077367938014984,3.9,126,8,2
health7,health_beauty,2018-03-01,2018,3,10,58.99,55.57333333333333,6.14803262955855,589.9,2.302585092994046,4.077367938014984,3.9,169,9,1
health7,health_beauty,2018-04-01,2018,4,11,58.99,65.99,-10.607667828458847,648.89,2.3978952727983707,4.077367938014984,3.9,118,9,1
health7,health_beauty,2018-05-01,2018,5,4,58.99,54.32333333333333,8.590538135853233,235.96,1.3862943611198906,4.077367938014984,3.9,159,8,3
health7,health_beauty,2018-06-01,2018,6,6,58.99,54.32333333333333,8.590538135853233,353.94,1.791759469228055,4.077367938014984,3.9,131,9,0
health7,health_beauty,2018-07-01,2018,7,2,58.99,54.32333333333333,8.590538135853233,117.98,0.6931471805599453,4.077367938014984,3.9,113,9,1
health7,health_beauty,2018-08-01,2018,8,3,58.99,55.26714285666666,6.7361129070638555,176.97,1.0986122886681098,4.077367938014984,3.9,127,8,1
health8,health_beauty,2017-03-01,2017,3,6,89.99,58.32333333333332,54.2950220037721,539.9399999999999,1.791759469228055,4.4996985530458575,4.1,25,8,1
health8,health_beauty,2017-05-01,2017,5,6,89.99,58.32333333333332,54.2950220037721,539.9399999999999,1.791759469228055,4.4996985530458575,4.1,41,8,1
health8,health_beauty,2017-06-01,2017,6,9,89.99,56.25984127,59.95423728290229,809.91,2.1972245773362196,4.4996985530458575,4.1,53,8,1
health8,health_beauty,2017-07-01,2017,7,17,89.99,56.41222222333332,59.52216816372494,1529.83,2.833213344056216,4.4996985530458575,4.1,61,10,1
health8,health_beauty,2017-08-01,2017,8,18,89.99,57.45913580333333,56.61565170073351,1619.82,2.8903717578961645,4.4996985530458575,4.1,82,8,1
health8,health_beauty,2017-09-01,2017,9,21,89.99,57.656666666666666,56.07908885933976,1889.79,3.044522437723423,4.4996985530458575,4.1,89,9,1
health8,health_beauty,2017-10-01,2017,10,24,89.99,57.656666666666666,56.07908885933976,2159.7599999999998,3.1780538303479458,4.4996985530458575,4.1,81,9,2
health8,health_beauty,2017-11-01,2017,11,26,89.99,57.656666666666666,56.07908885933976,2339.74,3.258096538021482,4.4996985530458575,4.1,139,8,4
health8,health_beauty,2017-12-01,2017,12,19,89.99,57.656666666666666,56.07908885933976,1709.81,2.9444389791664403,4.4996985530458575,4.1,112,10,1
health8,health_beauty,2018-01-01,2018,1,20,89.99,57.656666666666666,56.07908885933976,1799.8,2.995732273553991,4.4996985530458575,4.1,98,8,2
health8,health_beauty,2018-02-01,2018,2,17,89.99,57.656666666666666,56.07908885933976,1529.83,2.833213344056216,4.4996985530458575,4.1,126,8,2
health8,health_beauty,2018-03-01,2018,3,16,83.74,55.57333333333333,50.6837811900192,1339.84,2.772588722239781,4.4277167605909975,4.1,169,9,1
health8,health_beauty,2018-04-01,2018,4,14,79.99,72.99,9.590354843129196,1119.86,2.6390573296152584,4.3819016268607305,4.1,118,9,1
health8,health_beauty,2018-05-01,2018,5,16,79.99,54.32333333333333,47.24795974719273,1279.84,2.772588722239781,4.3819016268607305,4.1,159,8,3
health8,health_beauty,2018-06-01,2018,6,13,79.99,54.32333333333333,47.24795974719273,1039.87,2.5649493574615367,4.3819016268607305,4.1,131,9,0
health8,health_beauty,2018-07-01,2018,7,10,79.99,54.32333333333333,47.24795974719273,799.9,2.302585092994046,4.3819016268607305,4.1,113,9,1
health8,health_beauty,2018-08-01,2018,8,7,82.82142857,55.26714285666666,49.85654095561694,579.74999999,1.9459101490553132,4.416686827063079,4.1,127,8,1
health9,health_beauty,2017-02-01,2017,2,11,19.99,34.99,-42.86939125464419,219.89,2.3978952727983707,2.995232148512309,4.3,19,8,2
health9,health_beauty,2017-03-01,2017,3,9,19.99,58.32333333333332,-65.72555295193462,179.91,2.1972245773362196,2.995232148512309,4.3,25,8,1
health9,health_beauty,2017-04-01,2017,4,13,19.99,34.99,-42.86939125464419,259.87,2.5649493574615367,2.995232148512309,4.3,23,10,2
health9,health_beauty,2017-05-01,2017,5,16,19.99,58.32333333333332,-65.72555295193462,319.84,2.772588722239781,2.995232148512309,4.3,41,8,1
health9,health_beauty,2017-06-01,2017,6,21,19.99,56.25984127,-64.46843867890635,419.78999999999996,3.044522437723423,2.995232148512309,4.3,53,8,1
health9,health_beauty,2017-07-01,2017,7,29,19.99,56.41222222333332,-64.56441669526768,579.7099999999999,3.367295829986474,2.995232148512309,4.3,61,10,1
health9,health_beauty,2017-08-01,2017,8,28,23.39740741,57.45913580333333,-59.27991766168773,655.12740748,3.332204510175204,3.1526252217810535,4.3,82,8,1
health9,health_beauty,2017-09-01,2017,9,24,23.99,57.656666666666666,-58.391628606116676,575.76,3.1780538303479458,3.177637076851603,4.3,89,9,1
health9,health_beauty,2017-10-01,2017,10,27,23.99,57.656666666666666,-58.391628606116676,647.7299999999999,3.295836866004329,3.177637076851603,4.3,81,9,2
health9,health_beauty,2017-11-01,2017,11,28,23.99,57.656666666666666,-58.391628606116676,671.7199999999999,3.332204510175204,3.177637076851603,4.3,139,8,4
health9,health_beauty,2017-12-01,2017,12,19,23.99,57.656666666666666,-58.391628606116676,455.80999999999995,2.9444389791664403,3.177637076851603,4.3,112,10,1
health9,health_beauty,2018-01-01,2018,1,19,23.99,57.656666666666666,-58.391628606116676,455.80999999999995,2.9444389791664403,3.177637076851603,4.3,98,8,2
health9,health_beauty,2018-02-01,2018,2,14,23.99,57.656666666666666,-58.391628606116676,335.85999999999996,2.6390573296152584,3.177637076851603,4.3,126,8,2
health9,health_beauty,2018-03-01,2018,3,8,23.99,55.57333333333333,-56.83181381957774,191.92,2.0794415416798357,3.177637076851603,4.3,169,9,1
health9,health_beauty,2018-05-01,2018,5,7,23.99,54.32333333333333,-55.83849788304596,167.92999999999998,1.9459101490553132,3.177637076851603,4.3,159,8,3
health9,health_beauty,2018-06-01,2018,6,3,23.99,54.32333333333333,-55.83849788304596,71.97,1.0986122886681098,3.177637076851603,4.3,131,9,0
health9,health_beauty,2018-07-01,2018,7,3,23.99,54.32333333333333,-55.83849788304596,71.97,1.0986122886681098,3.177637076851603,4.3,113,9,1
health9,health_beauty,2018-08-01,2018,8,2,23.99,55.26714285666666,-56.59265386268076,47.98,0.6931471805599453,3.177637076851603,4.3,127,8,1
perfumery1,perfumery,2017-06-01,2017,6,4,56.99,56.99,0.0,227.96,1.3862943611198906,4.0428758138469085,4.3,4,8,1
perfumery1,perfumery,2017-07-01,2017,7,7,56.99,56.99,0.0,398.93,1.9459101490553132,4.0428758138469085,4.3,7,10,1
perfumery1,perfumery,2017-08-01,2017,8,7,56.99,85.49333333333334,-33.3398315658141,398.93,1.9459101490553132,4.0428758138469085,4.3,8,8,1
perfumery1,perfumery,2017-09-01,2017,9,17,56.99,85.49333333333334,-33.3398315658141,968.83,2.833213344056216,4.0428758138469085,4.3,18,9,1
perfumery1,perfumery,2017-10-01,2017,10,17,56.99,85.49333333333334,-33.3398315658141,968.83,2.833213344056216,4.0428758138469085,4.3,19,9,2
perfumery1,perfumery,2017-11-01,2017,11,20,56.99,77.34333333333333,-26.31556264276171,1139.8,2.995732273553991,4.0428758138469085,4.3,27,8,4
perfumery1,perfumery,2017-12-01,2017,12,24,56.99,77.32666666666667,-26.29968100698336,1367.76,3.1780538303479458,4.0428758138469085,4.3,34,10,1
perfumery1,perfumery,2018-01-01,2018,1,10,56.99,77.29333333333334,-26.267897188200795,569.9,2.302585092994046,4.0428758138469085,4.3,15,8,2
perfumery1,perfumery,2018-02-01,2018,2,4,56.99,77.28962963333333,-26.264363964009142,227.96,1.3862943611198906,4.0428758138469085,4.3,12,8,2
perfumery1,perfumery,2018-03-01,2018,3,14,50.49,72.89333333333333,-30.734406438631783,706.86,2.6390573296152584,3.921775296870824,4.3,18,9,1
perfumery1,perfumery,2018-04-01,2018,4,2,49.99,72.65166666666667,-31.192218577229248,99.98,0.6931471805599453,3.911822985425479,4.3,10,9,1
perfumery1,perfumery,2018-07-01,2018,7,8,49.99,72.89333333333333,-31.42034022315712,399.92,2.0794415416798357,3.911822985425479,4.3,13,9,1
perfumery1,perfumery,2018-08-01,2018,8,4,49.99,72.29555556666666,-30.853287441850842,199.96,1.3862943611198906,3.911822985425479,4.3,19,8,1
perfumery2,perfumery,2017-08-01,2017,8,1,142.5,113.99666666666667,25.003655077633844,142.5,0.0,4.959341999708705,4.4,8,8,1
perfumery2,perfumery,2017-09-01,2017,9,1,142.5,113.99666666666667,25.003655077633844,142.5,0.0,4.959341999708705,4.4,18,9,1
perfumery2,perfumery,2017-10-01,2017,10,2,142.5,113.99666666666667,25.003655077633844,285.0,0.6931471805599453,4.959341999708705,4.4,19,9,2
perfumery2,perfumery,2017-11-01,2017,11,8,118.05,97.69666666666666,20.833191169947803,944.4,2.0794415416798357,4.771108263531522,4.4,27,8,4
perfumery2,perfumery,2017-12-01,2017,12,12,118.0,97.66333333333334,20.82323628792791,1416.0,2.4849066497880004,4.770684624465665,4.4,34,10,1
perfumery2,perfumery,2018-01-01,2018,1,6,117.9,97.59666666666668,20.80330612384302,707.4000000000001,1.791759469228055,4.769836807543325,4.4,15,8,2
perfumery2,perfumery,2018-02-01,2018,2,11,117.8888889,97.58925926666666,20.80108998251925,1296.7777779,2.3978952727983707,4.769742561372015,4.4,12,8,2
perfumery2,perfumery,2018-03-01,2018,3,4,117.7,95.29666666666667,23.50904193920739,470.8,1.3862943611198906,4.768139014266231,4.4,18,9,1
perfumery2,perfumery,2018-04-01,2018,4,8,117.975,95.31333333333333,23.77596698608099,943.8,2.0794415416798357,4.770472737612451,4.4,10,9,1
perfumery2,perfumery,2018-05-01,2018,5,17,119.9,119.90000000000002,-1.185225580917598e-14,2038.3000000000002,2.833213344056216,4.786658062033468,4.4,16,8,3
perfumery2,perfumery,2018-06-01,2018,6,14,119.1785714,119.1785714,0.0,1668.4999996,2.6390573296152584,4.780622968336433,4.4,14,9,0
perfumery2,perfumery,2018-07-01,2018,7,5,118.7,95.79666666666667,23.90827794982428,593.5,1.6094379124341003,4.776599301615622,4.4,13,9,1
perfumery2,perfumery,2018-08-01,2018,8,17,116.9066667,94.60111113333333,23.578534437326663,1987.4133339,2.833213344056216,4.761375895936614,4.4,19,8,1
watches1,watches_gifts,2017-03-01,2017,3,5,241.006,241.006,0.0,1205.03,1.6094379124341003,5.484821829446308,3.8,6,8,1
watches1,watches_gifts,2017-04-01,2017,4,3,255.61,255.61,0.0,766.83,1.0986122886681098,5.543652845368744,3.8,3,10,2
watches1,watches_gifts,2017-06-01,2017,6,5,185.0,177.66666666666666,4.12757973733584,925.0,1.6094379124341003,5.220355825078324,3.8,17,8,1
watches1,watches_gifts,2017-07-01,2017,7,10,197.383,185.45230303333335,6.433296740737819,1973.8300000000002,2.302585092994046,5.285146003736675,3.8,29,10,1
watches1,watches_gifts,2017-08-01,2017,8,15,179.9,173.4897436,3.6948906990026864,2698.5,2.70805020110221,5.192401140956488,3.8,48,8,1
watches1,watches_gifts,2017-09-01,2017,9,20,164.57,159.30619046666666,3.3042090316224924,3291.3999999999996,2.995732273553991,5.103336011607292,3.8,54,9,1
watches1,watches_gifts,2017-10-01,2017,10,4,232.49,199.96,16.268253650730145,929.96,1.3862943611198906,5.448847213349734,3.8,43,9,2
watches1,watches_gifts,2017-11-01,2017,11,18,174.4333333,138.47777776666666,25.964855959717948,3139.7999993999997,2.8903717578961645,5.161542624518957,3.8,91,8,4
watches1,watches_gifts,2017-12-01,2017,12,5,185.96,147.65333333333334,25.943651797001987,929.8000000000001,1.6094379124341003,5.225531596822384,3.8,73,10,1
watches1,watches_gifts,2018-01-01,2018,1,2,199.0,168.66666666666666,17.984189723320164,398.0,0.6931471805599453,5.293304824724492,3.8,59,8,2
watches1,watches_gifts,2018-02-01,2018,2,6,182.0,139.4138889,30.546534090693466,1092.0,1.791759469228055,5.204006687076795,3.8,90,8,2
watches1,watches_gifts,2018-03-01,2018,3,32,151.8784375,124.98752830000001,21.51487397643016,4860.11,3.4657359027997265,5.02308044758353,3.8,125,9,1
watches1,watches_gifts,2018-04-01,2018,4,9,150.1333333,120.26065276666667,24.83994544025402,1351.1999997,2.1972245773362196,5.011523787935346,3.8,178,9,1
watches1,watches_gifts,2018-05-01,2018,5,32,132.53125,113.77459113333333,16.485806435186916,4241.0,3.4657359027997265,4.886818466674864,3.8,260,8,3
watches1,watches_gifts,2018-06-01,2018,6,15,138.22,120.74000000000001,14.477389431836995,2073.3,2.70805020110221,4.928846618663249,3.8,93,9,0
watches1,watches_gifts,2018-07-01,2018,7,2,155.0,126.12121213333334,22.89764535099493,310.0,0.6931471805599453,5.043425116919247,3.8,122,9,1
watches1,watches_gifts,2018-08-01,2018,8,11,145.5509091,120.85030303333333,20.43901045068433,1601.0600001000003,2.3978952727983707,4.980525916135713,3.8,61,8,1
watches2,watches_gifts,2017-06-01,2017,6,5,157.99,168.66333333333333,-6.328188304116673,789.95,1.6094379124341003,5.062531739884758,4.0,17,8,1
watches2,watches_gifts,2017-07-01,2017,7,6,171.792,176.9219697,-2.8995662374202045,1030.752,1.791759469228055,5.14628444269178,4.0,29,10,1
watches2,watches_gifts,2017-08-01,2017,8,5,169.9,170.15641026666665,-0.15069092387692368,849.5,1.6094379124341003,5.135210028677887,4.0,48,8,1
watches2,watches_gifts,2017-09-01,2017,9,10,160.4,157.91619046666668,1.5728656612050282,1604.0,2.302585092994046,5.077670695432414,4.0,54,9,1
watches2,watches_gifts,2017-10-01,2017,10,16,149.475,172.28833333333333,-13.24136863591073,2391.6,2.772588722239781,5.007129154766968,4.0,43,9,2
watches2,watches_gifts,2017-11-01,2017,11,26,140.56,138.47777776666666,1.5036508145313094,3654.56,3.258096538021482,4.945634443878841,4.0,91,8,4
watches2,watches_gifts,2017-12-01,2017,12,6,149.0,147.65333333333334,0.9120462344229708,894.0,1.791759469228055,5.003946305945459,4.0,73,10,1
watches2,watches_gifts,2018-01-01,2018,1,8,148.5,151.83333333333334,-2.195389681668502,1188.0,2.0794415416798357,5.000584958242754,4.0,59,8,2
watches2,watches_gifts,2018-02-01,2018,2,14,145.9942857,139.4138889,4.720043929568639,2043.9199998000001,2.6390573296152584,4.9835674819012885,4.0,90,8,2
watches2,watches_gifts,2018-03-01,2018,3,9,123.9666667,124.98752830000001,-0.8167707721603159,1115.7000003,2.1972245773362196,4.820012712531804,4.0,125,9,1
watches2,watches_gifts,2018-04-01,2018,4,10,119.19,120.26065276666667,-0.8902768628272636,1191.9,2.302585092994046,4.780718858494617,4.0,178,9,1
watches2,watches_gifts,2018-05-01,2018,5,22,118.1318182,113.77459113333333,3.8297013623722003,2598.9000004,3.091042453358316,4.7718011043598,4.0,260,8,3
watches2,watches_gifts,2018-06-01,2018,6,1,139.9,120.74000000000001,15.868809011098223,139.9,0.0,4.940927881671436,4.0,93,9,0
watches2,watches_gifts,2018-07-01,2018,7,5,138.98,126.12121213333334,10.195579037943704,694.9,1.6094379124341003,4.934330037886181,4.0,122,9,1
watches2,watches_gifts,2018-08-01,2018,8,3,138.0,120.85030303333333,14.190859713389697,414.0,1.0986122886681098,4.927253685157205,4.0,61,8,1
watches3,watches_gifts,2017-03-01,2017,3,1,78.0,132.33533333333332,-41.058825307426076,78.0,0.0,4.356708826689592,3.9,6,8,1
watches3,watches_gifts,2017-06-01,2017,6,3,78.0,142.0,-45.07042253521127,234.0,1.0986122886681098,4.356708826689592,3.9,17,8,1
watches3,watches_gifts,2017-07-01,2017,7,1,78.0,145.6579697,-46.449892058326554,78.0,0.0,4.356708826689592,3.9,29,10,1
watches3,watches_gifts,2017-08-01,2017,8,5,78.0,139.52307693333333,-44.09526960384495,390.0,1.6094379124341003,4.356708826689592,3.9,48,8,1
watches3,watches_gifts,2017-10-01,2017,10,3,78.0,148.46333333333334,-47.461775073531065,234.0,1.0986122886681098,4.356708826689592,3.9,43,9,2
watches3,watches_gifts,2017-11-01,2017,11,2,78.0,138.47777776666666,-43.673272883228215,156.0,0.6931471805599453,4.356708826689592,3.9,91,8,4
watches3,watches_gifts,2017-12-01,2017,12,6,78.0,147.65333333333334,-47.17355968936247,468.0,1.791759469228055,4.356708826689592,3.9,73,10,1
watches3,watches_gifts,2018-01-01,2018,1,9,78.0,128.33333333333334,-39.22077922077922,702.0,2.1972245773362196,4.356708826689592,3.9,59,8,2
watches3,watches_gifts,2018-02-01,2018,2,1,78.0,139.4138889,-44.0514853897028,78.0,0.0,4.356708826689592,3.9,90,8,2
watches3,watches_gifts,2018-03-01,2018,3,1,78.0,124.98752830000001,-37.59377350612029,78.0,0.0,4.356708826689592,3.9,125,9,1
watches3,watches_gifts,2018-04-01,2018,4,16,78.0,120.26065276666667,-35.1408809069597,1248.0,2.772588722239781,4.356708826689592,3.9,178,9,1
watches3,watches_gifts,2018-05-01,2018,5,5,78.0,113.77459113333333,-31.443392392778463,390.0,1.6094379124341003,4.356708826689592,3.9,260,8,3
watches3,watches_gifts,2018-06-01,2018,6,39,78.0,120.74000000000001,-35.398376677157536,3042.0,3.6635616461296463,4.356708826689592,3.9,93,9,0
watches3,watches_gifts,2018-07-01,2018,7,40,78.0,126.12121213333334,-38.15473330724126,3120.0,3.6888794541139363,4.356708826689592,3.9,122,9,1
watches3,watches_gifts,2018-08-01,2018,8,28,77.82142857,120.85030303333333,-35.605102662808356,2178.99999996,3.332204510175204,4.354416824751059,3.9,61,8,1
watches4,watches_gifts,2017-11-01,2017,11,13,108.0,138.47777776666666,-22.009147069085223,1404.0,2.5649493574615367,4.68213122712422,4.2,91,8,4
watches4,watches_gifts,2017-12-01,2017,12,13,108.0,147.65333333333334,-26.855698031424964,1404.0,2.5649493574615367,4.68213122712422,4.2,73,10,1
watches4,watches_gifts,2018-01-01,2018,1,44,108.0,138.33333333333334,-21.9277108433735,4752.0,3.784189633918261,4.68213122712422,4.2,59,8,2
watches4,watches_gifts,2018-02-01,2018,2,33,108.0,139.4138889,-22.532825924203877,3564.0,3.4965075614664802,4.68213122712422,4.2,90,8,2
watches4,watches_gifts,2018-03-01,2018,3,21,105.6428571,124.98752830000001,-15.47728118406195,2218.4999991,3.044522437723423,4.660064132689862,4.2,125,9,1
watches4,watches_gifts,2018-04-01,2018,4,21,105.0,120.26065276666667,-12.68964737475344,2205.0,3.044522437723423,4.653960350157523,4.2,178,9,1
watches4,watches_gifts,2018-05-01,2018,5,37,105.0,113.77459113333333,-7.712258990278699,3885.0,3.6109179126442243,4.653960350157523,4.2,260,8,3
watches4,watches_gifts,2018-06-01,2018,6,28,105.0,120.74000000000001,-13.036276296173602,2940.0,3.332204510175204,4.653960350157523,4.2,93,9,0
watches4,watches_gifts,2018-07-01,2018,7,8,105.0,126.12121213333334,-16.746756375132467,840.0,2.0794415416798357,4.653960350157523,4.2,122,9,1
watches4,watches_gifts,2018-08-01,2018,8,7,105.0,120.85030303333333,-13.115650218073057,735.0,1.9459101490553132,4.653960350157523,4.2,61,8,1
watches5,watches_gifts,2017-08-01,2017,8,8,229.9,190.15641026666665,20.90047328806784,1839.2,2.0794415416798357,5.437644431769136,4.1,48,8,1
watches5,watches_gifts,2017-09-01,2017,9,10,219.06,177.46952380000002,23.43527796179277,2190.6,2.302585092994046,5.3893456648956,4.1,54,9,1
watches5,watches_gifts,2017-10-01,2017,10,8,216.15,194.51333333333332,11.123487678651003,1729.2,2.0794415416798357,5.3759726111136406,4.1,43,9,2
watches5,watches_gifts,2017-11-01,2017,11,12,203.2909091,138.47777776666666,46.803994387130224,2439.4909092,2.4849066497880004,5.314638002959616,4.1,91,8,4
watches5,watches_gifts,2017-12-01,2017,12,28,224.5428571,147.65333333333334,52.07435689452772,6287.1999988,3.332204510175204,5.4140665891858974,4.1,73,10,1
watches5,watches_gifts,2018-01-01,2018,1,10,220.77,175.92333333333332,25.492165147696934,2207.7000000000003,2.302585092994046,5.397121435606618,4.1,59,8,2
watches5,watches_gifts,2018-02-01,2018,2,21,205.6857143,139.4138889,47.53602809798674,4319.4000003,3.044522437723423,5.326349345049343,4.1,90,8,2
watches5,watches_gifts,2018-03-01,2018,3,16,216.1875,124.98752830000001,72.96725756596946,3459.0,2.772588722239781,5.376146086697387,4.1,125,9,1
watches5,watches_gifts,2018-04-01,2018,4,13,204.3846154,120.26065276666667,69.95136039761331,2657.0000002,2.5649493574615367,5.32000358837355,4.1,178,9,1
watches5,watches_gifts,2018-05-01,2018,5,17,199.0,113.77459113333333,74.90724248509085,3383.0,2.833213344056216,5.293304824724492,4.1,260,8,3
watches6,watches_gifts,2017-06-01,2017,6,4,163.0,170.33333333333334,-4.305283757338557,652.0,1.3862943611198906,5.093750200806762,4.2,17,8,1
watches6,watches_gifts,2017-07-01,2017,7,11,161.5909091,173.52160606666666,-6.875626175384124,1777.5000001,2.3978952727983707,5.085067888935284,4.2,29,10,1
watches6,watches_gifts,2017-08-01,2017,8,13,160.6692308,167.07948720000002,-3.8366507507451866,2088.7000004,2.5649493574615367,5.079347784591241,4.2,48,8,1
watches6,watches_gifts,2017-09-01,2017,9,18,148.7785714,154.04238093333333,-3.417117744766233,2678.0142852,2.8903717578961645,5.002459102620039,4.2,54,9,1
watches6,watches_gifts,2017-10-01,2017,10,1,134.9,167.43,-19.42901511079257,134.9,0.0,4.90453376321371,4.2,43,9,2
watches6,watches_gifts,2017-11-01,2017,11,15,133.0,138.47777776666666,-3.9557088906327267,1995.0,2.70805020110221,4.890349128221754,4.2,91,8,4
watches6,watches_gifts,2017-12-01,2017,12,4,149.0,147.65333333333334,0.9120462344229708,596.0,1.3862943611198906,5.003946305945459,4.2,73,10,1
watches6,watches_gifts,2018-02-01,2018,2,6,128.2416667,139.4138889,-8.013708166489568,769.4500002,1.791759469228055,4.853916504941732,4.2,90,8,2
watches6,watches_gifts,2018-03-01,2018,3,31,117.4412903,124.98752830000001,-6.03759279236823,3640.6799993,3.4339872044851463,4.765938551692771,4.2,125,9,1
watches6,watches_gifts,2018-04-01,2018,4,85,105.648625,120.26065276666667,-12.15029806550058,8980.133125,4.442651256490317,4.660118729306291,4.2,178,9,1
watches6,watches_gifts,2018-05-01,2018,5,114,103.7925234,113.77459113333333,-8.773547444908218,11832.3476676,4.736198448394496,4.642393939235848,4.2,260,8,3
watches6,watches_gifts,2018-06-01,2018,6,9,119.0,120.74000000000001,-1.4411131356634164,1071.0,2.1972245773362196,4.77912349311153,4.2,93,9,0
watches6,watches_gifts,2018-07-01,2018,7,11,118.3636364,126.12121213333334,-6.150888975862485,1302.0000004,2.3978952727983707,4.773761550277364,4.2,122,9,1
watches6,watches_gifts,2018-08-01,2018,8,1,112.0,120.85030303333333,-7.32336023261126,112.0,0.0,4.718498871295094,4.2,61,8,1
watches7,watches_gifts,2017-08-01,2017,8,2,339.0,226.52307693333333,49.65362672509039,678.0,0.6931471805599453,5.82600010738045,3.7,48,8,1
watches7,watches_gifts,2017-09-01,2017,9,1,339.0,217.44952380000004,55.89824897101013,339.0,0.0,5.82600010738045,3.7,54,9,1
watches7,watches_gifts,2017-10-01,2017,10,10,346.158,237.84933333333333,45.53667027305802,3461.58,2.302585092994046,5.846895318224875,3.7,43,9,2
watches7,watches_gifts,2017-11-01,2017,11,9,345.7066667,138.47777776666666,149.6477574058933,3111.3600003,2.1972245773362196,5.845590631381493,3.7,91,8,4
watches7,watches_gifts,2017-12-01,2017,12,11,348.8,147.65333333333334,136.2290048762868,3836.8,2.3978952727983707,5.8544986920348245,3.7,73,10,1
watches7,watches_gifts,2018-01-01,2018,1,1,339.9,215.63333333333333,57.62869067862111,339.9,0.0,5.828651456702071,3.7,59,8,2
watches7,watches_gifts,2018-02-01,2018,2,5,347.0,139.4138889,148.89916115093754,1735.0,1.6094379124341003,5.849324779946859,3.7,90,8,2
watches7,watches_gifts,2018-03-01,2018,3,6,307.8333333,124.98752830000001,146.2912400036636,1846.9999997999998,1.791759469228055,5.729558510862901,3.7,125,9,1
watches7,watches_gifts,2018-04-01,2018,4,6,280.6666667,120.26065276666667,133.3819584736147,1684.0000002000002,1.791759469228055,5.637167725692982,3.7,178,9,1
watches7,watches_gifts,2018-05-01,2018,5,23,258.9695652,113.77459113333333,127.6163444055022,5956.2999996,3.1354942159291497,5.55671054591452,3.7,260,8,3
watches7,watches_gifts,2018-06-01,2018,6,4,245.9,120.74000000000001,103.66075865496107,983.6,1.3862943611198906,5.504924949222147,3.7,93,9,0
watches7,watches_gifts,2018-07-01,2018,7,45,169.3493182,126.12121213333334,34.27504805533155,7620.719319,3.8066624897703196,5.131963553273982,3.7,122,9,1
watches8,watches_gifts,2017-07-01,2017,7,2,239.9,199.62463636666666,20.175547651020555,479.8,0.6931471805599453,5.480222169845649,4.1,29,10,1
watches8,watches_gifts,2017-10-01,2017,10,2,239.9,202.42999999999998,18.510102257570534,479.8,0.6931471805599453,5.480222169845649,4.1,43,9,2
watches8,watches_gifts,2018-01-01,2018,1,2,229.9,178.96666666666667,28.45967591730304,459.8,0.6931471805599453,5.437644431769136,4.1,59,8,2
watches8,watches_gifts,2018-02-01,2018,2,11,204.6181818,139.4138889,46.77029915345832,2250.7999998,2.3978952727983707,5.321145714671896,4.1,90,8,2
watches8,watches_gifts,2018-03-01,2018,3,16,167.5,124.98752830000001,34.013370996472446,2680.0,2.772588722239781,5.120983351265121,4.1,125,9,1
watches8,watches_gifts,2018-04-01,2018,4,26,150.3423077,120.26065276666667,25.01371333124115,3908.9000002,3.258096538021482,5.012914745505134,4.1,178,9,1
watches8,watches_gifts,2018-05-01,2018,5,30,145.1666667,113.77459113333333,27.59146418718223,4355.000001,3.4011973816621555,4.977882507854069,4.1,260,8,3
watches8,watches_gifts,2018-06-01,2018,6,3,152.6333333,120.74000000000001,26.414885953288053,457.8999999,1.0986122886681098,5.028038530776552,4.1,93,9,0
watches8,watches_gifts,2018-07-01,2018,7,14,157.1428571,126.12121213333334,24.596691105276605,2199.9999994,2.6390573296152584,5.057155309458421,4.1,122,9,1
watches8,watches_gifts,2018-08-01,2018,8,11,157.9454545,120.85030303333333,30.695124907080267,1737.3999995000001,2.3978952727983707,5.062249748739664,4.1,61,8,1
